customer_id,customer_segment,region,subscription_plan,signup_date
CUST_00001,small_business,NA,basic,2022-05-18
CUST_00002,individual,NA,premium,2021-06-22
CUST_00003,individual,EU,basic,2022-05-23
CUST_00004,individual,EU,standard,2020-12-29
CUST_00005,small_business,EU,basic,2021-05-08
CUST_00006,individual,LATAM,premium,2022-07-22
CUST_00007,small_business,NA,basic,2020-11-11
CUST_00008,individual,NA,basic,2020-08-17
CUST_00009,individual,NA,basic,2021-09-18
CUST_00010,small_business,MEA,standard,2021-06-15
CUST_00011,individual,EU,premium,2021-12-27
CUST_00012,small_business,APAC,basic,2022-05-13
CUST_00013,enterprise,MEA,premium,2020-07-28
CUST_00014,individual,NA,standard,2021-12-24
CUST_00015,individual,EU,premium,2021-01-13
CUST_00016,government,APAC,standard,2022-07-10
CUST_00017,small_business,NA,standard,2022-03-31
CUST_00018,government,APAC,standard,2021-01-30
CUST_00019,individual,APAC,basic,2020-09-12
CUST_00020,individual,NA,basic,2022-05-30
CUST_00021,enterprise,EU,premium,2022-05-29
CUST_00022,small_business,EU,enterprise,2021-09-19
CUST_00023,individual,NA,premium,2021-06-29
CUST_00024,individual,EU,premium,2021-11-19
CUST_00025,individual,MEA,basic,2021-08-14
CUST_00026,individual,NA,basic,2021-03-30
CUST_00027,individual,APAC,standard,2021-12-03
CUST_00028,individual,MEA,standard,2021-06-14
CUST_00029,enterprise,NA,premium,2021-02-02
CUST_00030,enterprise,APAC,premium,2022-01-18
CUST_00031,individual,EU,standard,2020-12-23
CUST_00032,enterprise,NA,standard,2022-07-03
CUST_00033,small_business,NA,standard,2020-08-23
CUST_00034,small_business,EU,basic,2020-11-12
CUST_00035,individual,MEA,enterprise,2023-01-01
CUST_00036,small_business,EU,basic,2021-12-26
CUST_00037,enterprise,APAC,standard,2022-11-03
CUST_00038,individual,EU,basic,2020-12-13
CUST_00039,small_business,NA,premium,2020-11-08
CUST_00040,individual,APAC,enterprise,2022-07-16
CUST_00041,individual,LATAM,standard,2022-05-30
CUST_00042,enterprise,APAC,premium,2021-01-01
CUST_00043,individual,MEA,standard,2021-10-10
CUST_00044,enterprise,EU,basic,2022-10-28
CUST_00045,individual,EU,basic,2022-05-21
CUST_00046,individual,APAC,basic,2022-10-24
CUST_00047,enterprise,LATAM,basic,2022-05-03
CUST_00048,individual,EU,standard,2020-12-22
CUST_00049,government,EU,standard,2020-10-20
CUST_00050,small_business,EU,basic,2021-02-26
CUST_00051,individual,EU,standard,2020-12-16
CUST_00052,individual,APAC,standard,2022-10-31
CUST_00053,individual,NA,premium,2022-04-22
CUST_00054,individual,EU,basic,2022-06-28
CUST_00055,individual,NA,enterprise,2021-10-05
CUST_00056,enterprise,LATAM,basic,2021-03-05
CUST_00057,government,APAC,enterprise,2020-11-21
CUST_00058,enterprise,NA,standard,2022-05-28
CUST_00059,enterprise,LATAM,basic,2022-12-30
CUST_00060,government,NA,premium,2021-09-23
CUST_00061,individual,APAC,premium,2020-10-21
CUST_00062,small_business,APAC,basic,2022-03-04
CUST_00063,individual,NA,premium,2022-10-31
CUST_00064,small_business,NA,standard,2021-08-05
CUST_00065,enterprise,EU,basic,2021-07-30
CUST_00066,individual,NA,standard,2021-02-09
CUST_00067,enterprise,EU,enterprise,2021-05-28
CUST_00068,individual,EU,standard,2021-10-29
CUST_00069,small_business,EU,standard,2022-04-09
CUST_00070,individual,APAC,basic,2021-11-22
CUST_00071,individual,APAC,standard,2020-11-23
CUST_00072,government,NA,standard,2021-06-04
CUST_00073,government,NA,basic,2022-04-05
CUST_00074,individual,NA,basic,2022-04-26
CUST_00075,individual,NA,premium,2021-01-11
CUST_00076,individual,MEA,premium,2021-07-09
CUST_00077,individual,APAC,basic,2021-02-21
CUST_00078,individual,LATAM,basic,2022-09-14
CUST_00079,small_business,NA,basic,2022-05-31
CUST_00080,small_business,NA,standard,2022-04-06
CUST_00081,small_business,NA,enterprise,2022-11-10
CUST_00082,individual,EU,basic,2022-12-29
CUST_00083,individual,NA,enterprise,2022-07-20
CUST_00084,small_business,EU,standard,2022-12-23
CUST_00085,individual,LATAM,premium,2022-08-02
CUST_00086,small_business,APAC,standard,2022-08-03
CUST_00087,individual,NA,standard,2020-10-08
CUST_00088,government,NA,standard,2021-02-02
CUST_00089,individual,NA,premium,2020-07-20
CUST_00090,individual,EU,basic,2022-05-04
CUST_00091,enterprise,MEA,premium,2021-11-05
CUST_00092,individual,APAC,standard,2021-11-06
CUST_00093,enterprise,LATAM,premium,2022-04-03
CUST_00094,individual,APAC,standard,2022-11-23
CUST_00095,enterprise,NA,premium,2021-09-17
CUST_00096,individual,APAC,premium,2022-05-18
CUST_00097,individual,NA,standard,2020-07-30
CUST_00098,individual,APAC,standard,2021-07-29
CUST_00099,individual,MEA,standard,2022-12-04
CUST_00100,individual,MEA,basic,2022-04-05
CUST_00101,individual,EU,standard,2020-10-18
CUST_00102,individual,EU,standard,2021-12-03
CUST_00103,enterprise,NA,basic,2021-10-12
CUST_00104,individual,LATAM,standard,2020-12-26
CUST_00105,government,APAC,basic,2021-10-17
CUST_00106,individual,APAC,standard,2022-02-14
CUST_00107,small_business,NA,enterprise,2021-07-31
CUST_00108,individual,EU,standard,2022-03-05
CUST_00109,small_business,NA,premium,2021-12-09
CUST_00110,small_business,LATAM,standard,2022-02-27
CUST_00111,individual,APAC,standard,2022-05-31
CUST_00112,individual,EU,premium,2021-09-12
CUST_00113,individual,APAC,standard,2020-10-11
CUST_00114,enterprise,APAC,basic,2022-10-07
CUST_00115,individual,APAC,standard,2022-09-28
CUST_00116,enterprise,APAC,premium,2022-05-16
CUST_00117,enterprise,NA,basic,2021-09-02
CUST_00118,small_business,APAC,standard,2021-03-28
CUST_00119,small_business,APAC,standard,2021-11-18
CUST_00120,individual,APAC,basic,2020-11-24
CUST_00121,enterprise,LATAM,premium,2022-05-22
CUST_00122,individual,MEA,standard,2022-11-11
CUST_00123,small_business,LATAM,basic,2022-08-18
CUST_00124,enterprise,APAC,enterprise,2021-05-02
CUST_00125,individual,APAC,standard,2020-09-19
CUST_00126,small_business,EU,premium,2021-06-19
CUST_00127,individual,NA,premium,2021-09-28
CUST_00128,individual,NA,standard,2020-11-08
CUST_00129,enterprise,EU,basic,2021-10-08
CUST_00130,individual,NA,basic,2022-02-08
CUST_00131,enterprise,NA,basic,2021-12-05
CUST_00132,small_business,APAC,basic,2021-11-10
CUST_00133,individual,EU,basic,2020-09-01
CUST_00134,individual,LATAM,standard,2021-01-19
CUST_00135,individual,LATAM,standard,2021-08-31
CUST_00136,individual,EU,premium,2020-08-11
CUST_00137,enterprise,APAC,standard,2020-12-10
CUST_00138,small_business,EU,basic,2022-05-22
CUST_00139,individual,EU,standard,2021-02-16
CUST_00140,small_business,EU,basic,2021-09-10
CUST_00141,enterprise,MEA,standard,2021-11-24
CUST_00142,small_business,APAC,basic,2021-10-20
CUST_00143,individual,EU,basic,2021-12-09
CUST_00144,individual,EU,standard,2020-07-15
CUST_00145,individual,APAC,premium,2022-04-18
CUST_00146,enterprise,EU,premium,2022-11-09
CUST_00147,government,NA,premium,2020-10-24
CUST_00148,government,NA,basic,2022-04-23
CUST_00149,individual,NA,basic,2022-08-25
CUST_00150,small_business,NA,enterprise,2021-09-12
CUST_00151,small_business,APAC,basic,2021-04-20
CUST_00152,government,APAC,premium,2022-07-18
CUST_00153,government,NA,basic,2022-02-16
CUST_00154,small_business,LATAM,standard,2020-12-30
CUST_00155,individual,EU,premium,2022-04-28
CUST_00156,individual,APAC,premium,2021-04-27
CUST_00157,enterprise,APAC,standard,2022-11-20
CUST_00158,individual,EU,standard,2021-08-01
CUST_00159,small_business,NA,standard,2021-08-18
CUST_00160,individual,MEA,standard,2020-09-05
CUST_00161,small_business,NA,basic,2021-07-16
CUST_00162,government,NA,premium,2021-06-29
CUST_00163,enterprise,EU,premium,2021-05-05
CUST_00164,individual,LATAM,premium,2022-10-05
CUST_00165,individual,EU,premium,2021-05-28
CUST_00166,small_business,EU,basic,2020-08-13
CUST_00167,individual,EU,standard,2022-04-12
CUST_00168,individual,LATAM,premium,2022-03-25
CUST_00169,small_business,EU,basic,2022-04-29
CUST_00170,small_business,EU,premium,2021-01-24
CUST_00171,small_business,APAC,standard,2022-12-15
CUST_00172,individual,NA,premium,2022-02-22
CUST_00173,small_business,EU,standard,2022-01-14
CUST_00174,individual,APAC,standard,2021-01-12
CUST_00175,small_business,NA,basic,2020-12-24
CUST_00176,individual,NA,standard,2020-11-12
CUST_00177,small_business,NA,premium,2022-03-24
CUST_00178,small_business,MEA,standard,2022-03-18
CUST_00179,government,APAC,basic,2021-12-28
CUST_00180,individual,NA,standard,2022-03-27
CUST_00181,individual,NA,basic,2022-08-25
CUST_00182,small_business,APAC,basic,2022-12-20
CUST_00183,small_business,EU,standard,2022-06-27
CUST_00184,government,NA,premium,2022-09-07
CUST_00185,enterprise,EU,basic,2021-03-28
CUST_00186,small_business,NA,premium,2022-02-24
CUST_00187,individual,NA,standard,2021-11-01
CUST_00188,small_business,APAC,basic,2021-07-15
CUST_00189,individual,LATAM,basic,2021-05-09
CUST_00190,government,NA,standard,2021-04-17
CUST_00191,government,NA,premium,2021-04-01
CUST_00192,individual,APAC,basic,2022-07-08
CUST_00193,small_business,NA,standard,2021-01-26
CUST_00194,small_business,NA,basic,2021-01-08
CUST_00195,individual,LATAM,basic,2022-05-07
CUST_00196,enterprise,APAC,standard,2021-02-23
CUST_00197,enterprise,NA,basic,2022-05-16
CUST_00198,small_business,LATAM,premium,2022-10-20
CUST_00199,individual,APAC,standard,2020-09-09
CUST_00200,small_business,NA,basic,2021-01-26
CUST_00201,individual,EU,basic,2021-06-28
CUST_00202,small_business,NA,basic,2021-10-16
CUST_00203,small_business,EU,basic,2022-05-12
CUST_00204,government,APAC,standard,2022-12-11
CUST_00205,government,APAC,basic,2022-11-21
CUST_00206,enterprise,NA,standard,2021-10-06
CUST_00207,enterprise,NA,standard,2021-03-22
CUST_00208,enterprise,MEA,standard,2021-11-09
CUST_00209,individual,APAC,premium,2022-01-29
CUST_00210,individual,EU,premium,2021-11-17
CUST_00211,enterprise,EU,standard,2022-02-13
CUST_00212,individual,NA,premium,2020-07-30
CUST_00213,small_business,MEA,premium,2021-06-25
CUST_00214,small_business,NA,standard,2021-04-04
CUST_00215,enterprise,EU,premium,2022-06-07
CUST_00216,individual,NA,basic,2021-01-16
CUST_00217,small_business,NA,standard,2020-10-05
CUST_00218,individual,NA,standard,2021-06-15
CUST_00219,individual,NA,premium,2022-09-07
CUST_00220,small_business,NA,premium,2021-08-09
CUST_00221,government,NA,premium,2021-11-02
CUST_00222,enterprise,MEA,basic,2021-06-16
CUST_00223,individual,NA,standard,2020-11-28
CUST_00224,enterprise,LATAM,basic,2020-10-15
CUST_00225,enterprise,NA,premium,2022-04-03
CUST_00226,enterprise,NA,basic,2021-05-10
CUST_00227,small_business,APAC,premium,2021-10-01
CUST_00228,small_business,NA,standard,2021-06-24
CUST_00229,individual,LATAM,premium,2021-01-17
CUST_00230,individual,EU,premium,2021-11-07
CUST_00231,individual,APAC,premium,2020-09-23
CUST_00232,individual,MEA,premium,2021-03-05
CUST_00233,government,EU,basic,2021-08-05
CUST_00234,government,NA,basic,2020-08-19
CUST_00235,individual,EU,standard,2020-12-23
CUST_00236,individual,LATAM,enterprise,2022-10-17
CUST_00237,small_business,MEA,standard,2021-01-22
CUST_00238,individual,NA,standard,2021-02-10
CUST_00239,enterprise,EU,standard,2020-12-27
CUST_00240,enterprise,EU,standard,2021-04-09
CUST_00241,individual,APAC,enterprise,2022-05-14
CUST_00242,small_business,EU,basic,2021-03-24
CUST_00243,small_business,NA,basic,2022-03-01
CUST_00244,enterprise,NA,premium,2022-03-07
CUST_00245,individual,EU,basic,2021-11-06
CUST_00246,small_business,APAC,basic,2022-10-13
CUST_00247,small_business,EU,premium,2021-08-10
CUST_00248,enterprise,NA,standard,2022-04-16
CUST_00249,small_business,APAC,premium,2021-09-12
CUST_00250,enterprise,APAC,basic,2021-10-06
CUST_00251,government,MEA,basic,2021-10-24
CUST_00252,small_business,EU,standard,2021-12-04
CUST_00253,enterprise,NA,standard,2021-12-30
CUST_00254,small_business,MEA,basic,2020-09-04
CUST_00255,small_business,NA,standard,2021-01-29
CUST_00256,enterprise,MEA,enterprise,2020-11-29
CUST_00257,small_business,LATAM,basic,2020-10-05
CUST_00258,individual,APAC,basic,2022-06-21
CUST_00259,small_business,APAC,premium,2021-02-25
CUST_00260,small_business,NA,basic,2021-03-30
CUST_00261,small_business,NA,standard,2021-05-18
CUST_00262,individual,NA,enterprise,2022-02-01
CUST_00263,small_business,NA,basic,2021-06-28
CUST_00264,enterprise,EU,standard,2022-03-28
CUST_00265,enterprise,NA,premium,2021-08-26
CUST_00266,government,NA,premium,2020-09-30
CUST_00267,individual,MEA,basic,2022-05-15
CUST_00268,enterprise,APAC,enterprise,2020-08-18
CUST_00269,enterprise,EU,premium,2022-12-18
CUST_00270,individual,NA,standard,2020-11-26
CUST_00271,small_business,EU,premium,2021-12-17
CUST_00272,individual,NA,basic,2021-06-06
CUST_00273,individual,EU,standard,2021-03-22
CUST_00274,enterprise,LATAM,standard,2021-11-09
CUST_00275,individual,NA,basic,2021-08-15
CUST_00276,individual,NA,standard,2021-11-30
CUST_00277,small_business,APAC,premium,2021-06-27
CUST_00278,individual,APAC,basic,2021-11-03
CUST_00279,small_business,APAC,standard,2022-03-21
CUST_00280,individual,EU,standard,2022-05-05
CUST_00281,enterprise,NA,premium,2021-06-23
CUST_00282,enterprise,APAC,basic,2022-03-25
CUST_00283,individual,NA,premium,2021-09-23
CUST_00284,individual,NA,standard,2022-12-11
CUST_00285,individual,NA,enterprise,2020-10-18
CUST_00286,small_business,NA,premium,2022-06-03
CUST_00287,small_business,APAC,basic,2020-10-31
CUST_00288,individual,LATAM,basic,2020-08-05
CUST_00289,government,MEA,standard,2020-10-06
CUST_00290,individual,APAC,basic,2022-12-17
CUST_00291,individual,APAC,standard,2022-12-16
CUST_00292,individual,NA,premium,2021-07-12
CUST_00293,individual,NA,standard,2021-12-27
CUST_00294,small_business,NA,standard,2021-04-12
CUST_00295,individual,APAC,premium,2021-07-17
CUST_00296,individual,APAC,basic,2021-08-29
CUST_00297,enterprise,EU,basic,2021-01-02
CUST_00298,enterprise,NA,basic,2021-04-19
CUST_00299,individual,NA,standard,2021-05-12
CUST_00300,small_business,NA,enterprise,2021-07-07
CUST_00301,individual,EU,standard,2020-10-11
CUST_00302,small_business,LATAM,premium,2020-11-05
CUST_00303,small_business,LATAM,standard,2022-05-13
CUST_00304,individual,APAC,standard,2020-12-15
CUST_00305,individual,EU,premium,2021-12-14
CUST_00306,government,APAC,standard,2022-09-30
CUST_00307,enterprise,NA,basic,2020-12-06
CUST_00308,individual,NA,basic,2021-06-05
CUST_00309,small_business,APAC,standard,2020-07-21
CUST_00310,small_business,APAC,premium,2020-12-24
CUST_00311,individual,NA,standard,2022-09-17
CUST_00312,small_business,NA,premium,2022-05-17
CUST_00313,enterprise,EU,standard,2022-09-06
CUST_00314,enterprise,EU,premium,2020-08-19
CUST_00315,small_business,APAC,standard,2021-02-09
CUST_00316,small_business,NA,enterprise,2020-09-04
CUST_00317,small_business,NA,basic,2020-11-12
CUST_00318,individual,NA,basic,2020-07-25
CUST_00319,individual,APAC,basic,2020-12-04
CUST_00320,small_business,NA,premium,2022-05-26
CUST_00321,individual,EU,basic,2022-02-16
CUST_00322,small_business,APAC,standard,2022-10-07
CUST_00323,enterprise,NA,premium,2022-11-12
CUST_00324,small_business,NA,premium,2021-08-22
CUST_00325,small_business,EU,basic,2021-07-26
CUST_00326,individual,EU,basic,2021-02-06
CUST_00327,small_business,EU,standard,2022-05-21
CUST_00328,individual,EU,basic,2022-02-27
CUST_00329,government,APAC,premium,2022-03-11
CUST_00330,individual,NA,premium,2022-07-06
CUST_00331,individual,EU,basic,2021-06-08
CUST_00332,enterprise,APAC,basic,2020-08-02
CUST_00333,small_business,EU,standard,2022-10-14
CUST_00334,enterprise,EU,standard,2021-01-05
CUST_00335,small_business,NA,standard,2022-02-03
CUST_00336,individual,LATAM,standard,2021-01-25
CUST_00337,enterprise,NA,premium,2022-04-27
CUST_00338,individual,EU,basic,2020-07-24
CUST_00339,individual,NA,standard,2022-07-13
CUST_00340,individual,APAC,standard,2022-06-17
CUST_00341,enterprise,NA,premium,2020-09-15
CUST_00342,small_business,NA,basic,2022-04-14
CUST_00343,individual,EU,premium,2021-03-01
CUST_00344,individual,MEA,standard,2021-09-13
CUST_00345,enterprise,APAC,standard,2021-06-02
CUST_00346,small_business,MEA,standard,2021-03-30
CUST_00347,individual,EU,standard,2021-03-26
CUST_00348,individual,NA,basic,2021-07-31
CUST_00349,individual,EU,basic,2021-12-20
CUST_00350,enterprise,NA,premium,2020-08-09
CUST_00351,individual,EU,standard,2021-05-17
CUST_00352,small_business,APAC,premium,2021-09-28
CUST_00353,enterprise,EU,basic,2021-04-22
CUST_00354,small_business,NA,basic,2022-09-18
CUST_00355,enterprise,APAC,enterprise,2022-10-07
CUST_00356,small_business,NA,basic,2021-10-10
CUST_00357,government,EU,standard,2021-12-25
CUST_00358,individual,NA,standard,2022-01-20
CUST_00359,small_business,NA,standard,2022-01-24
CUST_00360,individual,NA,premium,2022-03-17
CUST_00361,individual,LATAM,enterprise,2021-04-24
CUST_00362,enterprise,NA,standard,2022-08-10
CUST_00363,enterprise,NA,premium,2021-02-22
CUST_00364,individual,EU,enterprise,2022-02-18
CUST_00365,small_business,APAC,standard,2022-08-24
CUST_00366,small_business,APAC,premium,2021-01-30
CUST_00367,enterprise,NA,premium,2021-07-30
CUST_00368,individual,EU,basic,2022-05-27
CUST_00369,individual,APAC,basic,2022-08-14
CUST_00370,individual,NA,premium,2021-07-31
CUST_00371,enterprise,APAC,premium,2022-11-24
CUST_00372,small_business,LATAM,standard,2021-04-30
CUST_00373,individual,NA,premium,2020-11-03
CUST_00374,small_business,LATAM,premium,2022-11-18
CUST_00375,individual,APAC,basic,2021-10-04
CUST_00376,small_business,APAC,premium,2022-05-07
CUST_00377,small_business,NA,premium,2021-09-08
CUST_00378,enterprise,NA,premium,2021-05-27
CUST_00379,government,EU,basic,2021-12-06
CUST_00380,small_business,EU,basic,2022-06-11
CUST_00381,enterprise,NA,basic,2021-03-16
CUST_00382,small_business,EU,enterprise,2021-01-03
CUST_00383,enterprise,LATAM,basic,2020-11-11
CUST_00384,individual,EU,standard,2020-09-03
CUST_00385,individual,LATAM,basic,2021-09-27
CUST_00386,enterprise,LATAM,standard,2021-11-22
CUST_00387,small_business,NA,enterprise,2021-12-14
CUST_00388,individual,NA,basic,2020-12-31
CUST_00389,small_business,APAC,basic,2022-03-14
CUST_00390,enterprise,EU,premium,2020-11-15
CUST_00391,small_business,EU,basic,2022-10-12
CUST_00392,individual,NA,basic,2020-12-18
CUST_00393,small_business,EU,premium,2022-05-03
CUST_00394,individual,NA,standard,2020-10-11
CUST_00395,small_business,NA,premium,2021-08-08
CUST_00396,small_business,NA,standard,2022-04-29
CUST_00397,small_business,NA,basic,2022-01-05
CUST_00398,individual,EU,premium,2022-10-06
CUST_00399,small_business,EU,enterprise,2021-06-23
CUST_00400,small_business,MEA,standard,2021-11-28
CUST_00401,enterprise,NA,standard,2021-12-15
CUST_00402,individual,NA,premium,2022-01-13
CUST_00403,individual,APAC,basic,2021-05-16
CUST_00404,small_business,NA,basic,2021-06-21
CUST_00405,individual,APAC,premium,2021-01-30
CUST_00406,small_business,APAC,standard,2020-09-23
CUST_00407,individual,APAC,enterprise,2022-11-25
CUST_00408,individual,NA,basic,2022-11-20
CUST_00409,individual,NA,standard,2020-09-19
CUST_00410,small_business,NA,premium,2022-06-20
CUST_00411,individual,LATAM,basic,2021-03-01
CUST_00412,individual,NA,standard,2021-11-18
CUST_00413,small_business,LATAM,standard,2022-06-24
CUST_00414,small_business,EU,enterprise,2021-07-19
CUST_00415,individual,NA,standard,2021-10-18
CUST_00416,small_business,APAC,standard,2022-02-07
CUST_00417,individual,NA,basic,2021-10-02
CUST_00418,small_business,EU,premium,2022-01-07
CUST_00419,individual,APAC,enterprise,2021-04-12
CUST_00420,government,NA,enterprise,2022-11-04
CUST_00421,individual,APAC,standard,2020-10-03
CUST_00422,small_business,NA,basic,2020-08-15
CUST_00423,small_business,APAC,basic,2022-10-25
CUST_00424,individual,APAC,standard,2021-05-31
CUST_00425,individual,NA,standard,2021-12-18
CUST_00426,individual,APAC,standard,2021-07-08
CUST_00427,individual,NA,basic,2022-09-07
CUST_00428,individual,NA,standard,2021-06-05
CUST_00429,individual,APAC,premium,2022-05-27
CUST_00430,government,NA,enterprise,2021-08-17
CUST_00431,individual,NA,basic,2022-07-09
CUST_00432,enterprise,EU,basic,2021-02-02
CUST_00433,government,MEA,premium,2021-01-05
CUST_00434,individual,EU,premium,2020-08-13
CUST_00435,individual,APAC,premium,2022-07-07
CUST_00436,enterprise,EU,basic,2022-06-10
CUST_00437,enterprise,NA,standard,2021-12-28
CUST_00438,small_business,EU,premium,2021-06-16
CUST_00439,individual,LATAM,basic,2021-11-20
CUST_00440,government,APAC,standard,2020-11-05
CUST_00441,individual,EU,basic,2022-02-11
CUST_00442,small_business,EU,premium,2022-01-14
CUST_00443,individual,APAC,standard,2021-05-10
CUST_00444,individual,MEA,standard,2020-07-26
CUST_00445,individual,NA,basic,2022-07-17
CUST_00446,individual,LATAM,basic,2021-07-19
CUST_00447,enterprise,APAC,basic,2021-03-22
CUST_00448,government,NA,standard,2021-04-12
CUST_00449,small_business,EU,basic,2021-05-17
CUST_00450,individual,APAC,premium,2021-04-22
CUST_00451,individual,LATAM,basic,2020-07-31
CUST_00452,individual,NA,standard,2021-05-21
CUST_00453,individual,NA,standard,2021-04-09
CUST_00454,small_business,EU,standard,2022-03-11
CUST_00455,small_business,NA,basic,2020-09-27
CUST_00456,small_business,NA,basic,2022-11-01
CUST_00457,individual,EU,standard,2022-01-18
CUST_00458,small_business,NA,premium,2020-12-11
CUST_00459,government,NA,standard,2020-11-14
CUST_00460,individual,EU,standard,2021-09-11
CUST_00461,individual,EU,basic,2022-11-11
CUST_00462,individual,EU,standard,2022-04-22
CUST_00463,government,LATAM,premium,2021-05-20
CUST_00464,small_business,NA,basic,2021-07-23
CUST_00465,small_business,LATAM,standard,2022-10-01
CUST_00466,government,EU,enterprise,2022-05-26
CUST_00467,small_business,NA,basic,2021-04-30
CUST_00468,enterprise,APAC,standard,2021-07-01
CUST_00469,individual,NA,basic,2022-04-06
CUST_00470,small_business,APAC,standard,2021-11-17
CUST_00471,individual,EU,standard,2022-03-12
CUST_00472,individual,EU,premium,2022-03-21
CUST_00473,enterprise,EU,standard,2022-08-23
CUST_00474,government,EU,premium,2022-01-19
CUST_00475,small_business,EU,basic,2021-04-25
CUST_00476,small_business,EU,basic,2022-08-14
CUST_00477,small_business,APAC,standard,2022-08-02
CUST_00478,small_business,EU,standard,2021-04-14
CUST_00479,individual,EU,standard,2020-08-22
CUST_00480,individual,NA,premium,2021-07-05
CUST_00481,small_business,EU,standard,2022-12-15
CUST_00482,individual,APAC,enterprise,2021-05-14
CUST_00483,individual,LATAM,premium,2021-03-28
CUST_00484,individual,EU,enterprise,2020-10-22
CUST_00485,government,EU,basic,2022-11-10
CUST_00486,small_business,NA,standard,2021-04-07
CUST_00487,enterprise,EU,premium,2022-04-28
CUST_00488,individual,LATAM,basic,2022-12-13
CUST_00489,individual,EU,standard,2022-06-07
CUST_00490,individual,APAC,enterprise,2020-07-22
CUST_00491,enterprise,APAC,premium,2021-07-19
CUST_00492,individual,NA,premium,2021-07-12
CUST_00493,individual,MEA,standard,2021-07-05
CUST_00494,individual,EU,premium,2020-12-24
CUST_00495,small_business,APAC,basic,2021-08-24
CUST_00496,individual,NA,standard,2022-05-16
CUST_00497,government,MEA,premium,2021-01-10
CUST_00498,individual,APAC,standard,2022-01-09
CUST_00499,small_business,LATAM,premium,2022-03-13
CUST_00500,individual,APAC,standard,2021-11-23
CUST_00501,enterprise,MEA,premium,2022-03-10
CUST_00502,individual,MEA,basic,2021-10-06
CUST_00503,small_business,APAC,basic,2020-09-06
CUST_00504,small_business,LATAM,premium,2022-08-14
CUST_00505,individual,APAC,basic,2022-11-11
CUST_00506,small_business,EU,standard,2022-11-09
CUST_00507,individual,NA,standard,2021-02-03
CUST_00508,enterprise,NA,standard,2022-07-24
CUST_00509,individual,LATAM,premium,2021-08-31
CUST_00510,small_business,APAC,basic,2022-03-15
CUST_00511,small_business,LATAM,basic,2021-05-24
CUST_00512,individual,APAC,premium,2022-11-24
CUST_00513,enterprise,NA,premium,2022-07-05
CUST_00514,government,NA,premium,2020-10-17
CUST_00515,small_business,LATAM,enterprise,2022-03-11
CUST_00516,enterprise,NA,standard,2022-09-14
CUST_00517,enterprise,NA,standard,2021-03-16
CUST_00518,small_business,EU,enterprise,2020-08-13
CUST_00519,small_business,NA,premium,2022-01-28
CUST_00520,individual,EU,basic,2022-06-25
CUST_00521,individual,NA,basic,2021-02-10
CUST_00522,enterprise,NA,premium,2021-11-12
CUST_00523,enterprise,EU,basic,2021-02-15
CUST_00524,individual,MEA,standard,2022-04-22
CUST_00525,individual,EU,standard,2022-04-03
CUST_00526,government,NA,premium,2022-12-21
CUST_00527,individual,EU,basic,2021-02-17
CUST_00528,individual,NA,standard,2021-08-05
CUST_00529,enterprise,LATAM,premium,2021-01-25
CUST_00530,individual,LATAM,basic,2021-04-12
CUST_00531,individual,MEA,standard,2021-09-23
CUST_00532,small_business,EU,standard,2021-06-18
CUST_00533,enterprise,APAC,premium,2020-09-08
CUST_00534,individual,NA,premium,2020-07-21
CUST_00535,enterprise,EU,standard,2021-12-27
CUST_00536,individual,EU,basic,2021-06-20
CUST_00537,enterprise,NA,standard,2022-07-17
CUST_00538,individual,EU,basic,2022-06-05
CUST_00539,small_business,EU,premium,2021-10-02
CUST_00540,enterprise,EU,standard,2021-09-21
CUST_00541,small_business,EU,premium,2022-02-20
CUST_00542,small_business,EU,premium,2020-11-29
CUST_00543,individual,NA,standard,2021-01-14
CUST_00544,individual,MEA,enterprise,2022-10-23
CUST_00545,government,EU,basic,2022-07-01
CUST_00546,enterprise,APAC,enterprise,2021-03-11
CUST_00547,government,EU,premium,2021-09-29
CUST_00548,enterprise,LATAM,standard,2021-02-01
CUST_00549,government,LATAM,basic,2020-08-04
CUST_00550,individual,NA,standard,2021-07-09
CUST_00551,individual,MEA,premium,2020-11-18
CUST_00552,individual,NA,premium,2021-06-23
CUST_00553,individual,EU,basic,2021-09-17
CUST_00554,individual,NA,enterprise,2020-12-20
CUST_00555,enterprise,NA,premium,2021-04-12
CUST_00556,enterprise,LATAM,basic,2022-06-04
CUST_00557,individual,EU,standard,2021-02-12
CUST_00558,small_business,NA,premium,2021-11-16
CUST_00559,individual,EU,premium,2020-10-29
CUST_00560,individual,EU,basic,2020-09-18
CUST_00561,enterprise,EU,standard,2020-11-01
CUST_00562,small_business,NA,standard,2022-08-08
CUST_00563,government,EU,standard,2022-03-26
CUST_00564,individual,LATAM,premium,2022-07-06
CUST_00565,small_business,EU,standard,2022-01-14
CUST_00566,government,APAC,premium,2022-02-09
CUST_00567,small_business,EU,basic,2022-06-27
CUST_00568,enterprise,EU,premium,2022-02-28
CUST_00569,enterprise,NA,standard,2022-11-03
CUST_00570,small_business,MEA,standard,2022-08-17
CUST_00571,individual,NA,standard,2022-10-13
CUST_00572,enterprise,APAC,basic,2020-12-21
CUST_00573,enterprise,NA,standard,2021-04-22
CUST_00574,small_business,LATAM,basic,2020-11-13
CUST_00575,small_business,APAC,basic,2022-06-02
CUST_00576,enterprise,NA,enterprise,2022-12-17
CUST_00577,individual,NA,premium,2020-11-28
CUST_00578,government,EU,basic,2021-04-23
CUST_00579,small_business,EU,basic,2022-02-06
CUST_00580,enterprise,EU,standard,2021-12-30
CUST_00581,individual,EU,premium,2021-09-11
CUST_00582,individual,MEA,standard,2020-08-25
CUST_00583,individual,NA,standard,2022-11-16
CUST_00584,small_business,NA,basic,2022-04-09
CUST_00585,small_business,EU,premium,2022-03-05
CUST_00586,individual,NA,standard,2020-08-31
CUST_00587,individual,EU,enterprise,2022-01-21
CUST_00588,individual,APAC,enterprise,2021-03-15
CUST_00589,small_business,EU,premium,2022-01-06
CUST_00590,individual,APAC,standard,2021-06-25
CUST_00591,government,MEA,standard,2020-08-25
CUST_00592,enterprise,LATAM,premium,2020-11-10
CUST_00593,individual,NA,standard,2022-10-24
CUST_00594,small_business,NA,standard,2021-12-15
CUST_00595,individual,APAC,enterprise,2021-08-25
CUST_00596,small_business,NA,standard,2021-11-06
CUST_00597,individual,EU,basic,2022-03-14
CUST_00598,individual,APAC,premium,2020-09-28
CUST_00599,government,NA,enterprise,2021-07-14
CUST_00600,individual,NA,standard,2020-09-19
CUST_00601,individual,APAC,basic,2021-11-12
CUST_00602,small_business,NA,premium,2022-02-28
CUST_00603,small_business,APAC,premium,2020-08-06
CUST_00604,small_business,NA,standard,2021-12-11
CUST_00605,small_business,NA,basic,2022-07-10
CUST_00606,individual,APAC,standard,2022-01-27
CUST_00607,small_business,LATAM,basic,2021-07-10
CUST_00608,enterprise,NA,enterprise,2021-01-23
CUST_00609,enterprise,EU,basic,2022-10-17
CUST_00610,small_business,NA,standard,2021-02-27
CUST_00611,individual,LATAM,standard,2022-06-03
CUST_00612,small_business,APAC,premium,2021-11-20
CUST_00613,enterprise,NA,standard,2021-05-31
CUST_00614,enterprise,EU,premium,2022-01-27
CUST_00615,individual,APAC,premium,2021-01-26
CUST_00616,small_business,EU,enterprise,2022-11-08
CUST_00617,individual,NA,basic,2021-04-22
CUST_00618,enterprise,MEA,standard,2020-10-31
CUST_00619,individual,APAC,premium,2021-09-27
CUST_00620,small_business,EU,enterprise,2021-10-16
CUST_00621,individual,EU,standard,2020-11-02
CUST_00622,small_business,APAC,premium,2022-10-09
CUST_00623,individual,EU,premium,2022-07-28
CUST_00624,small_business,NA,basic,2022-12-27
CUST_00625,government,EU,premium,2022-09-19
CUST_00626,individual,NA,standard,2021-06-12
CUST_00627,small_business,NA,basic,2021-06-13
CUST_00628,individual,EU,standard,2021-12-03
CUST_00629,individual,EU,premium,2020-12-20
CUST_00630,enterprise,LATAM,enterprise,2021-05-26
CUST_00631,small_business,APAC,basic,2022-04-01
CUST_00632,individual,EU,basic,2021-10-13
CUST_00633,individual,NA,premium,2021-12-28
CUST_00634,individual,NA,standard,2021-05-03
CUST_00635,small_business,EU,basic,2022-12-26
CUST_00636,government,NA,standard,2020-09-30
CUST_00637,enterprise,EU,standard,2020-09-10
CUST_00638,enterprise,MEA,basic,2022-02-07
CUST_00639,small_business,APAC,standard,2022-07-04
CUST_00640,government,MEA,basic,2021-01-20
CUST_00641,small_business,MEA,premium,2022-02-02
CUST_00642,individual,APAC,standard,2022-09-07
CUST_00643,government,NA,enterprise,2022-07-01
CUST_00644,small_business,EU,enterprise,2021-09-16
CUST_00645,government,NA,premium,2020-09-02
CUST_00646,small_business,APAC,premium,2021-11-09
CUST_00647,small_business,NA,standard,2022-04-18
CUST_00648,small_business,APAC,premium,2022-10-18
CUST_00649,individual,EU,standard,2021-07-03
CUST_00650,small_business,LATAM,premium,2021-06-24
CUST_00651,individual,MEA,premium,2020-09-22
CUST_00652,small_business,APAC,basic,2020-11-05
CUST_00653,individual,APAC,basic,2021-04-14
CUST_00654,individual,MEA,premium,2021-11-18
CUST_00655,government,NA,premium,2022-09-15
CUST_00656,individual,NA,standard,2021-07-19
CUST_00657,small_business,APAC,basic,2021-12-14
CUST_00658,individual,APAC,standard,2021-08-07
CUST_00659,individual,MEA,standard,2022-03-05
CUST_00660,individual,MEA,basic,2020-12-15
CUST_00661,individual,NA,standard,2022-06-04
CUST_00662,small_business,NA,basic,2020-12-23
CUST_00663,small_business,NA,standard,2020-09-24
CUST_00664,small_business,NA,standard,2022-09-12
CUST_00665,small_business,NA,enterprise,2022-04-27
CUST_00666,small_business,EU,standard,2021-10-22
CUST_00667,government,NA,standard,2022-06-27
CUST_00668,individual,APAC,standard,2020-12-07
CUST_00669,small_business,NA,standard,2021-11-29
CUST_00670,individual,NA,basic,2021-01-11
CUST_00671,enterprise,NA,basic,2020-07-23
CUST_00672,small_business,EU,basic,2022-09-07
CUST_00673,individual,LATAM,standard,2021-03-18
CUST_00674,individual,EU,standard,2022-09-07
CUST_00675,individual,APAC,standard,2020-09-20
CUST_00676,small_business,APAC,enterprise,2021-05-07
CUST_00677,individual,NA,basic,2022-02-23
CUST_00678,individual,EU,basic,2021-11-30
CUST_00679,individual,NA,standard,2022-06-25
CUST_00680,small_business,EU,enterprise,2022-07-08
CUST_00681,small_business,EU,basic,2022-02-13
CUST_00682,enterprise,EU,premium,2022-12-23
CUST_00683,small_business,NA,standard,2021-06-05
CUST_00684,small_business,EU,premium,2021-11-02
CUST_00685,small_business,EU,basic,2021-06-02
CUST_00686,individual,APAC,basic,2022-03-26
CUST_00687,individual,NA,premium,2021-06-01
CUST_00688,small_business,APAC,standard,2022-09-08
CUST_00689,small_business,NA,standard,2021-12-22
CUST_00690,small_business,APAC,premium,2021-10-07
CUST_00691,small_business,MEA,basic,2020-09-04
CUST_00692,small_business,NA,premium,2022-11-29
CUST_00693,individual,NA,premium,2021-10-09
CUST_00694,enterprise,NA,premium,2022-06-01
CUST_00695,enterprise,EU,standard,2021-01-04
CUST_00696,small_business,EU,standard,2020-10-20
CUST_00697,individual,NA,basic,2022-01-07
CUST_00698,small_business,EU,basic,2021-01-11
CUST_00699,individual,EU,enterprise,2021-07-24
CUST_00700,government,APAC,basic,2020-11-24
CUST_00701,enterprise,LATAM,enterprise,2020-07-28
CUST_00702,small_business,APAC,basic,2022-08-05
CUST_00703,small_business,APAC,premium,2021-02-08
CUST_00704,individual,NA,standard,2021-03-30
CUST_00705,individual,EU,standard,2020-11-05
CUST_00706,individual,EU,basic,2020-07-17
CUST_00707,individual,MEA,standard,2022-12-30
CUST_00708,enterprise,APAC,basic,2021-09-19
CUST_00709,small_business,APAC,premium,2020-10-09
CUST_00710,small_business,NA,standard,2022-05-30
CUST_00711,small_business,NA,basic,2021-06-20
CUST_00712,small_business,EU,standard,2022-01-15
CUST_00713,enterprise,APAC,basic,2021-03-31
CUST_00714,enterprise,EU,basic,2020-08-06
CUST_00715,individual,EU,enterprise,2021-10-20
CUST_00716,individual,APAC,basic,2021-03-07
CUST_00717,individual,LATAM,premium,2022-09-28
CUST_00718,small_business,NA,standard,2021-03-08
CUST_00719,individual,EU,standard,2021-01-15
CUST_00720,enterprise,EU,basic,2022-09-26
CUST_00721,individual,EU,basic,2022-05-15
CUST_00722,small_business,EU,basic,2022-01-15
CUST_00723,enterprise,MEA,standard,2022-08-19
CUST_00724,small_business,NA,basic,2020-09-28
CUST_00725,individual,NA,premium,2022-08-14
CUST_00726,individual,APAC,premium,2021-03-16
CUST_00727,government,NA,standard,2022-12-24
CUST_00728,small_business,NA,standard,2022-05-28
CUST_00729,small_business,NA,standard,2021-01-28
CUST_00730,individual,NA,premium,2022-08-11
CUST_00731,enterprise,EU,standard,2021-10-19
CUST_00732,individual,NA,basic,2022-10-07
CUST_00733,individual,EU,premium,2022-03-16
CUST_00734,enterprise,APAC,premium,2021-02-26
CUST_00735,enterprise,NA,standard,2022-06-22
CUST_00736,small_business,NA,basic,2020-10-11
CUST_00737,government,EU,basic,2021-08-08
CUST_00738,small_business,NA,premium,2022-12-20
CUST_00739,government,LATAM,basic,2020-08-03
CUST_00740,enterprise,EU,standard,2022-07-09
CUST_00741,enterprise,MEA,premium,2022-12-15
CUST_00742,small_business,NA,basic,2022-11-01
CUST_00743,government,EU,basic,2021-01-02
CUST_00744,small_business,EU,premium,2022-10-09
CUST_00745,small_business,EU,basic,2022-10-08
CUST_00746,individual,EU,basic,2020-09-26
CUST_00747,individual,NA,standard,2020-11-11
CUST_00748,enterprise,APAC,basic,2021-01-16
CUST_00749,individual,MEA,basic,2022-04-26
CUST_00750,individual,EU,standard,2021-04-18
CUST_00751,individual,APAC,premium,2022-07-06
CUST_00752,individual,APAC,premium,2022-07-18
CUST_00753,small_business,NA,standard,2020-09-11
CUST_00754,small_business,NA,basic,2020-10-24
CUST_00755,enterprise,APAC,basic,2022-12-02
CUST_00756,individual,EU,standard,2022-04-07
CUST_00757,small_business,EU,basic,2021-09-22
CUST_00758,small_business,NA,premium,2022-07-15
CUST_00759,individual,NA,basic,2021-05-24
CUST_00760,small_business,NA,premium,2022-12-30
CUST_00761,individual,LATAM,basic,2021-09-05
CUST_00762,individual,LATAM,basic,2020-08-06
CUST_00763,individual,APAC,premium,2021-03-01
CUST_00764,individual,NA,standard,2020-12-25
CUST_00765,individual,APAC,standard,2022-09-01
CUST_00766,small_business,LATAM,basic,2020-09-30
CUST_00767,small_business,NA,standard,2020-07-17
CUST_00768,small_business,NA,premium,2022-01-31
CUST_00769,individual,EU,standard,2022-03-09
CUST_00770,small_business,NA,standard,2021-09-13
CUST_00771,individual,MEA,enterprise,2020-10-29
CUST_00772,individual,LATAM,premium,2022-04-25
CUST_00773,individual,LATAM,basic,2021-06-26
CUST_00774,individual,APAC,premium,2022-01-23
CUST_00775,individual,APAC,premium,2020-12-18
CUST_00776,individual,NA,enterprise,2021-10-29
CUST_00777,small_business,NA,enterprise,2021-01-03
CUST_00778,individual,NA,basic,2020-08-19
CUST_00779,small_business,APAC,standard,2020-11-27
CUST_00780,individual,NA,basic,2020-09-14
CUST_00781,individual,EU,basic,2021-02-22
CUST_00782,government,NA,basic,2022-02-13
CUST_00783,enterprise,EU,premium,2022-02-01
CUST_00784,individual,NA,basic,2022-06-08
CUST_00785,individual,APAC,basic,2022-09-15
CUST_00786,individual,EU,standard,2021-07-02
CUST_00787,individual,APAC,standard,2021-09-14
CUST_00788,individual,NA,basic,2021-01-29
CUST_00789,individual,APAC,standard,2022-05-26
CUST_00790,enterprise,NA,basic,2022-04-22
CUST_00791,government,EU,basic,2022-03-01
CUST_00792,individual,MEA,basic,2021-11-13
CUST_00793,enterprise,EU,standard,2022-09-27
CUST_00794,small_business,APAC,basic,2022-12-20
CUST_00795,individual,APAC,basic,2022-06-13
CUST_00796,enterprise,EU,standard,2021-03-12
CUST_00797,individual,EU,enterprise,2022-10-17
CUST_00798,individual,NA,enterprise,2021-10-04
CUST_00799,enterprise,NA,premium,2020-09-25
CUST_00800,individual,NA,standard,2022-07-13
CUST_00801,enterprise,EU,premium,2021-08-11
CUST_00802,individual,APAC,basic,2022-05-27
CUST_00803,enterprise,NA,standard,2022-08-02
CUST_00804,individual,EU,basic,2022-03-05
CUST_00805,small_business,LATAM,standard,2022-10-04
CUST_00806,individual,NA,basic,2020-10-07
CUST_00807,small_business,APAC,premium,2020-10-10
CUST_00808,individual,EU,premium,2021-08-28
CUST_00809,small_business,EU,enterprise,2021-08-05
CUST_00810,individual,NA,basic,2021-04-30
CUST_00811,individual,LATAM,premium,2022-11-03
CUST_00812,enterprise,EU,standard,2021-05-13
CUST_00813,government,MEA,basic,2021-02-28
CUST_00814,individual,EU,premium,2020-12-08
CUST_00815,individual,MEA,basic,2020-08-18
CUST_00816,government,EU,enterprise,2020-08-19
CUST_00817,individual,NA,standard,2020-12-07
CUST_00818,small_business,LATAM,basic,2021-01-14
CUST_00819,individual,EU,basic,2022-06-23
CUST_00820,enterprise,APAC,enterprise,2021-06-25
CUST_00821,individual,EU,basic,2022-05-08
CUST_00822,small_business,NA,standard,2022-01-27
CUST_00823,enterprise,NA,basic,2020-12-28
CUST_00824,individual,APAC,premium,2022-11-02
CUST_00825,individual,EU,enterprise,2020-10-31
CUST_00826,individual,EU,standard,2022-10-19
CUST_00827,individual,LATAM,standard,2022-09-20
CUST_00828,individual,NA,enterprise,2020-12-13
CUST_00829,government,APAC,enterprise,2021-03-08
CUST_00830,individual,APAC,standard,2021-04-13
CUST_00831,enterprise,NA,standard,2022-07-06
CUST_00832,individual,APAC,basic,2022-07-04
CUST_00833,small_business,LATAM,enterprise,2021-11-27
CUST_00834,enterprise,APAC,standard,2022-06-29
CUST_00835,small_business,LATAM,enterprise,2022-05-20
CUST_00836,small_business,NA,standard,2022-01-27
CUST_00837,small_business,NA,enterprise,2022-07-14
CUST_00838,small_business,MEA,premium,2021-02-14
CUST_00839,small_business,LATAM,standard,2022-04-05
CUST_00840,individual,APAC,standard,2020-10-18
CUST_00841,individual,NA,standard,2020-12-12
CUST_00842,individual,NA,standard,2021-12-10
CUST_00843,individual,EU,premium,2020-10-16
CUST_00844,enterprise,APAC,premium,2022-07-19
CUST_00845,small_business,APAC,basic,2022-12-12
CUST_00846,individual,MEA,basic,2022-07-11
CUST_00847,enterprise,NA,basic,2022-09-28
CUST_00848,individual,MEA,premium,2021-01-10
CUST_00849,individual,LATAM,basic,2021-10-14
CUST_00850,individual,NA,basic,2022-06-21
CUST_00851,individual,EU,enterprise,2021-06-27
CUST_00852,individual,NA,basic,2022-11-12
CUST_00853,individual,EU,standard,2022-11-07
CUST_00854,individual,EU,basic,2021-02-23
CUST_00855,small_business,EU,basic,2022-06-04
CUST_00856,individual,NA,basic,2020-08-20
CUST_00857,individual,APAC,standard,2021-02-24
CUST_00858,individual,APAC,standard,2021-12-18
CUST_00859,enterprise,EU,standard,2022-04-07
CUST_00860,individual,NA,premium,2021-06-03
CUST_00861,individual,APAC,premium,2022-10-06
CUST_00862,small_business,APAC,standard,2020-11-18
CUST_00863,small_business,EU,premium,2020-09-15
CUST_00864,small_business,MEA,premium,2021-09-02
CUST_00865,small_business,NA,basic,2021-11-23
CUST_00866,enterprise,APAC,standard,2021-07-21
CUST_00867,enterprise,APAC,standard,2022-08-31
CUST_00868,government,EU,enterprise,2022-07-14
CUST_00869,government,APAC,basic,2021-10-25
CUST_00870,individual,APAC,basic,2020-09-11
CUST_00871,small_business,APAC,basic,2020-12-18
CUST_00872,enterprise,NA,standard,2021-11-21
CUST_00873,small_business,LATAM,standard,2020-07-21
CUST_00874,individual,APAC,standard,2020-10-23
CUST_00875,individual,EU,basic,2021-05-09
CUST_00876,small_business,MEA,basic,2022-09-15
CUST_00877,small_business,NA,basic,2021-07-02
CUST_00878,enterprise,LATAM,basic,2021-03-02
CUST_00879,small_business,EU,basic,2022-03-25
CUST_00880,individual,EU,premium,2021-11-16
CUST_00881,individual,LATAM,standard,2022-05-03
CUST_00882,individual,EU,basic,2021-12-16
CUST_00883,individual,APAC,standard,2022-03-20
CUST_00884,enterprise,LATAM,premium,2020-07-26
CUST_00885,individual,NA,premium,2020-10-31
CUST_00886,enterprise,NA,standard,2021-03-11
CUST_00887,individual,EU,enterprise,2021-11-11
CUST_00888,small_business,APAC,premium,2020-09-13
CUST_00889,individual,APAC,basic,2021-01-05
CUST_00890,small_business,NA,premium,2020-07-15
CUST_00891,small_business,NA,premium,2022-06-10
CUST_00892,enterprise,NA,standard,2021-12-28
CUST_00893,small_business,NA,premium,2021-08-02
CUST_00894,individual,LATAM,premium,2022-04-29
CUST_00895,individual,EU,basic,2020-07-24
CUST_00896,small_business,EU,standard,2020-08-27
CUST_00897,enterprise,APAC,premium,2022-03-16
CUST_00898,individual,NA,premium,2020-10-25
CUST_00899,government,LATAM,standard,2021-02-07
CUST_00900,individual,APAC,standard,2020-07-30
CUST_00901,enterprise,APAC,basic,2022-08-19
CUST_00902,small_business,EU,basic,2022-04-18
CUST_00903,small_business,LATAM,premium,2021-01-05
CUST_00904,small_business,EU,standard,2022-01-09
CUST_00905,small_business,NA,standard,2021-07-17
CUST_00906,enterprise,EU,basic,2021-07-27
CUST_00907,government,MEA,premium,2021-06-06
CUST_00908,small_business,EU,basic,2022-09-13
CUST_00909,small_business,NA,basic,2022-02-03
CUST_00910,enterprise,NA,premium,2021-03-05
CUST_00911,individual,NA,premium,2022-11-04
CUST_00912,enterprise,APAC,standard,2021-02-24
CUST_00913,individual,NA,basic,2021-08-10
CUST_00914,government,NA,standard,2021-11-30
CUST_00915,small_business,EU,enterprise,2020-09-18
CUST_00916,individual,APAC,basic,2021-07-03
CUST_00917,small_business,EU,enterprise,2021-12-30
CUST_00918,small_business,APAC,premium,2020-07-18
CUST_00919,small_business,NA,standard,2020-12-04
CUST_00920,individual,APAC,premium,2022-06-28
CUST_00921,government,LATAM,premium,2022-05-19
CUST_00922,individual,APAC,standard,2020-10-16
CUST_00923,enterprise,EU,standard,2021-09-14
CUST_00924,enterprise,EU,premium,2021-05-14
CUST_00925,small_business,EU,standard,2022-06-16
CUST_00926,small_business,LATAM,standard,2022-03-02
CUST_00927,individual,LATAM,basic,2022-06-10
CUST_00928,individual,MEA,premium,2021-09-20
CUST_00929,individual,LATAM,basic,2022-10-11
CUST_00930,small_business,APAC,basic,2021-03-23
CUST_00931,individual,EU,basic,2020-10-31
CUST_00932,individual,APAC,standard,2020-11-11
CUST_00933,enterprise,NA,standard,2021-10-19
CUST_00934,individual,MEA,standard,2022-11-24
CUST_00935,small_business,APAC,enterprise,2022-02-06
CUST_00936,enterprise,EU,basic,2022-12-28
CUST_00937,small_business,NA,premium,2022-01-14
CUST_00938,individual,NA,standard,2022-02-22
CUST_00939,individual,APAC,basic,2022-03-10
CUST_00940,small_business,EU,standard,2021-10-14
CUST_00941,enterprise,MEA,standard,2021-08-18
CUST_00942,individual,NA,enterprise,2020-09-22
CUST_00943,individual,NA,premium,2022-08-20
CUST_00944,individual,NA,standard,2022-08-28
CUST_00945,individual,APAC,basic,2020-07-18
CUST_00946,small_business,APAC,standard,2021-05-03
CUST_00947,government,APAC,premium,2022-12-12
CUST_00948,individual,NA,standard,2022-08-28
CUST_00949,small_business,EU,basic,2021-01-20
CUST_00950,small_business,NA,standard,2022-09-20
CUST_00951,small_business,NA,standard,2022-08-14
CUST_00952,individual,LATAM,standard,2021-04-09
CUST_00953,individual,NA,basic,2022-06-12
CUST_00954,small_business,APAC,premium,2022-06-09
CUST_00955,individual,EU,basic,2021-06-19
CUST_00956,small_business,NA,enterprise,2022-01-28
CUST_00957,individual,NA,basic,2022-09-10
CUST_00958,enterprise,APAC,basic,2022-10-01
CUST_00959,enterprise,NA,premium,2022-04-14
CUST_00960,small_business,EU,enterprise,2022-04-06
CUST_00961,small_business,NA,basic,2022-11-22
CUST_00962,enterprise,EU,premium,2021-10-22
CUST_00963,small_business,NA,premium,2022-11-16
CUST_00964,individual,NA,standard,2022-01-30
CUST_00965,individual,EU,standard,2020-07-16
CUST_00966,small_business,EU,standard,2022-09-07
CUST_00967,individual,MEA,basic,2021-12-03
CUST_00968,small_business,EU,standard,2020-10-07
CUST_00969,individual,NA,premium,2020-08-20
CUST_00970,individual,EU,standard,2020-10-02
CUST_00971,small_business,EU,standard,2020-10-26
CUST_00972,individual,NA,premium,2020-08-26
CUST_00973,small_business,LATAM,standard,2021-08-20
CUST_00974,individual,EU,basic,2022-04-09
CUST_00975,small_business,NA,premium,2021-07-13
CUST_00976,enterprise,EU,standard,2021-02-15
CUST_00977,enterprise,EU,premium,2021-04-08
CUST_00978,individual,APAC,basic,2022-01-12
CUST_00979,small_business,APAC,basic,2020-09-07
CUST_00980,small_business,MEA,basic,2021-03-14
CUST_00981,government,EU,standard,2021-08-12
CUST_00982,enterprise,NA,standard,2022-04-30
CUST_00983,individual,NA,standard,2021-06-17
CUST_00984,small_business,EU,basic,2021-09-18
CUST_00985,individual,EU,basic,2021-08-09
CUST_00986,individual,NA,standard,2021-03-03
CUST_00987,individual,EU,basic,2021-06-18
CUST_00988,individual,NA,standard,2021-04-08
CUST_00989,small_business,LATAM,standard,2021-03-02
CUST_00990,small_business,MEA,standard,2022-11-07
CUST_00991,enterprise,APAC,standard,2020-11-07
CUST_00992,small_business,EU,premium,2020-12-29
CUST_00993,small_business,NA,premium,2022-12-30
CUST_00994,individual,APAC,enterprise,2022-03-09
CUST_00995,small_business,EU,basic,2022-07-17
CUST_00996,small_business,APAC,premium,2021-11-08
CUST_00997,individual,EU,basic,2020-08-12
CUST_00998,individual,EU,premium,2020-12-29
CUST_00999,individual,APAC,basic,2021-03-24
CUST_01000,enterprise,EU,premium,2021-09-27
CUST_01001,small_business,EU,standard,2021-08-09
CUST_01002,individual,APAC,standard,2021-10-15
CUST_01003,enterprise,EU,standard,2022-07-04
CUST_01004,small_business,NA,premium,2022-09-17
CUST_01005,individual,EU,premium,2021-08-03
CUST_01006,enterprise,EU,standard,2021-01-22
CUST_01007,enterprise,NA,enterprise,2022-03-06
CUST_01008,small_business,NA,standard,2021-01-15
CUST_01009,enterprise,EU,premium,2021-06-20
CUST_01010,enterprise,APAC,enterprise,2021-03-25
CUST_01011,individual,NA,premium,2021-01-28
CUST_01012,individual,APAC,enterprise,2021-03-07
CUST_01013,government,NA,standard,2021-03-20
CUST_01014,individual,NA,standard,2021-08-28
CUST_01015,small_business,LATAM,premium,2021-02-10
CUST_01016,small_business,APAC,basic,2020-08-17
CUST_01017,individual,NA,basic,2021-12-07
CUST_01018,individual,APAC,basic,2020-11-24
CUST_01019,enterprise,MEA,premium,2022-08-05
CUST_01020,enterprise,APAC,basic,2020-11-21
CUST_01021,small_business,EU,standard,2021-04-11
CUST_01022,enterprise,APAC,premium,2020-12-02
CUST_01023,small_business,EU,standard,2020-10-08
CUST_01024,enterprise,NA,premium,2021-12-07
CUST_01025,individual,MEA,enterprise,2022-02-15
CUST_01026,government,NA,premium,2022-06-08
CUST_01027,small_business,APAC,premium,2020-09-04
CUST_01028,individual,APAC,premium,2021-12-21
CUST_01029,enterprise,EU,standard,2020-10-29
CUST_01030,small_business,NA,standard,2021-02-01
CUST_01031,individual,MEA,premium,2022-09-01
CUST_01032,individual,EU,standard,2022-08-21
CUST_01033,individual,APAC,basic,2021-09-11
CUST_01034,small_business,NA,basic,2022-02-05
CUST_01035,small_business,APAC,standard,2020-08-21
CUST_01036,small_business,EU,standard,2021-12-31
CUST_01037,individual,APAC,standard,2022-06-27
CUST_01038,small_business,APAC,basic,2021-06-24
CUST_01039,small_business,NA,basic,2022-05-28
CUST_01040,small_business,NA,basic,2020-11-22
CUST_01041,small_business,EU,standard,2020-11-22
CUST_01042,government,NA,premium,2021-10-02
CUST_01043,individual,APAC,enterprise,2022-04-27
CUST_01044,government,APAC,standard,2020-10-08
CUST_01045,government,EU,standard,2022-03-18
CUST_01046,individual,EU,premium,2021-07-24
CUST_01047,enterprise,EU,basic,2021-03-05
CUST_01048,individual,EU,enterprise,2022-07-14
CUST_01049,government,APAC,standard,2021-03-31
CUST_01050,individual,APAC,premium,2020-07-30
CUST_01051,small_business,APAC,basic,2020-09-05
CUST_01052,small_business,MEA,premium,2021-03-10
CUST_01053,enterprise,NA,premium,2022-12-08
CUST_01054,small_business,NA,basic,2022-11-07
CUST_01055,individual,NA,basic,2020-09-12
CUST_01056,individual,NA,standard,2021-03-27
CUST_01057,individual,NA,standard,2022-09-02
CUST_01058,small_business,APAC,standard,2020-11-18
CUST_01059,small_business,NA,premium,2021-12-31
CUST_01060,enterprise,NA,premium,2022-02-27
CUST_01061,small_business,NA,enterprise,2021-12-07
CUST_01062,individual,APAC,standard,2021-07-04
CUST_01063,individual,APAC,premium,2020-08-15
CUST_01064,small_business,MEA,basic,2021-02-07
CUST_01065,enterprise,MEA,premium,2021-03-09
CUST_01066,individual,LATAM,standard,2021-06-12
CUST_01067,individual,NA,standard,2021-11-24
CUST_01068,small_business,LATAM,standard,2020-11-26
CUST_01069,small_business,APAC,basic,2021-03-11
CUST_01070,enterprise,NA,basic,2021-04-10
CUST_01071,enterprise,NA,basic,2020-10-05
CUST_01072,small_business,NA,premium,2021-06-18
CUST_01073,small_business,EU,basic,2022-10-25
CUST_01074,individual,NA,standard,2022-01-28
CUST_01075,individual,APAC,basic,2022-03-16
CUST_01076,small_business,LATAM,standard,2021-09-27
CUST_01077,individual,APAC,premium,2022-07-29
CUST_01078,small_business,EU,standard,2021-10-20
CUST_01079,individual,NA,premium,2021-01-02
CUST_01080,small_business,EU,premium,2022-08-17
CUST_01081,small_business,NA,standard,2021-10-02
CUST_01082,individual,NA,standard,2022-07-06
CUST_01083,small_business,NA,basic,2020-09-07
CUST_01084,individual,EU,basic,2021-03-31
CUST_01085,individual,NA,basic,2021-07-31
CUST_01086,small_business,APAC,standard,2020-11-05
CUST_01087,small_business,LATAM,standard,2021-06-24
CUST_01088,enterprise,EU,premium,2022-08-02
CUST_01089,individual,NA,premium,2020-12-12
CUST_01090,enterprise,NA,standard,2022-10-01
CUST_01091,individual,EU,premium,2020-08-16
CUST_01092,government,MEA,premium,2020-11-17
CUST_01093,small_business,EU,basic,2021-06-01
CUST_01094,small_business,MEA,premium,2021-08-24
CUST_01095,government,NA,premium,2022-05-09
CUST_01096,individual,EU,basic,2022-06-04
CUST_01097,small_business,APAC,standard,2021-09-23
CUST_01098,enterprise,NA,standard,2022-09-18
CUST_01099,small_business,EU,premium,2020-08-30
CUST_01100,small_business,EU,standard,2021-12-12
CUST_01101,small_business,EU,premium,2020-08-29
CUST_01102,individual,NA,enterprise,2022-05-18
CUST_01103,small_business,EU,premium,2021-08-21
CUST_01104,enterprise,LATAM,basic,2022-08-12
CUST_01105,individual,NA,standard,2022-03-20
CUST_01106,individual,NA,standard,2020-12-28
CUST_01107,enterprise,APAC,standard,2022-01-28
CUST_01108,small_business,EU,standard,2022-05-31
CUST_01109,small_business,APAC,standard,2022-04-27
CUST_01110,individual,EU,basic,2021-03-28
CUST_01111,small_business,LATAM,basic,2022-07-15
CUST_01112,individual,NA,enterprise,2021-04-28
CUST_01113,government,APAC,premium,2020-12-17
CUST_01114,small_business,NA,basic,2021-09-29
CUST_01115,small_business,EU,standard,2022-05-22
CUST_01116,enterprise,EU,premium,2020-09-13
CUST_01117,enterprise,EU,standard,2022-07-14
CUST_01118,small_business,NA,standard,2021-05-07
CUST_01119,individual,EU,basic,2022-12-16
CUST_01120,individual,LATAM,standard,2021-10-29
CUST_01121,enterprise,EU,basic,2021-04-12
CUST_01122,small_business,LATAM,standard,2020-11-22
CUST_01123,individual,EU,basic,2021-04-24
CUST_01124,small_business,NA,enterprise,2021-02-06
CUST_01125,small_business,EU,standard,2022-11-18
CUST_01126,small_business,EU,enterprise,2021-08-26
CUST_01127,enterprise,EU,standard,2020-12-03
CUST_01128,enterprise,APAC,standard,2021-10-23
CUST_01129,individual,EU,basic,2020-08-05
CUST_01130,individual,EU,standard,2022-04-13
CUST_01131,individual,APAC,premium,2021-05-20
CUST_01132,small_business,EU,standard,2022-06-05
CUST_01133,small_business,NA,standard,2022-07-27
CUST_01134,individual,EU,basic,2021-07-02
CUST_01135,individual,EU,basic,2021-02-04
CUST_01136,individual,NA,standard,2021-06-10
CUST_01137,small_business,EU,standard,2022-04-17
CUST_01138,government,EU,premium,2021-11-20
CUST_01139,small_business,LATAM,premium,2020-11-27
CUST_01140,individual,APAC,enterprise,2022-09-21
CUST_01141,individual,EU,standard,2021-06-17
CUST_01142,small_business,APAC,basic,2021-11-29
CUST_01143,government,NA,basic,2022-08-06
CUST_01144,small_business,EU,basic,2022-04-07
CUST_01145,individual,NA,basic,2021-12-04
CUST_01146,government,EU,premium,2022-03-14
CUST_01147,small_business,EU,enterprise,2020-09-14
CUST_01148,individual,EU,basic,2020-08-14
CUST_01149,small_business,APAC,basic,2022-11-28
CUST_01150,enterprise,EU,premium,2021-04-12
CUST_01151,individual,NA,basic,2023-01-01
CUST_01152,government,NA,basic,2021-11-18
CUST_01153,individual,EU,standard,2021-07-20
CUST_01154,individual,APAC,enterprise,2021-06-18
CUST_01155,individual,APAC,enterprise,2022-01-10
CUST_01156,individual,APAC,basic,2022-06-16
CUST_01157,small_business,EU,basic,2022-07-06
CUST_01158,individual,NA,basic,2022-03-06
CUST_01159,individual,NA,standard,2022-04-13
CUST_01160,enterprise,APAC,standard,2021-01-21
CUST_01161,individual,EU,standard,2022-04-27
CUST_01162,enterprise,MEA,standard,2021-09-17
CUST_01163,enterprise,LATAM,standard,2022-04-12
CUST_01164,individual,APAC,enterprise,2021-02-07
CUST_01165,small_business,APAC,standard,2022-01-05
CUST_01166,small_business,NA,premium,2022-04-22
CUST_01167,individual,EU,premium,2022-01-16
CUST_01168,individual,LATAM,standard,2022-01-04
CUST_01169,individual,EU,basic,2020-11-28
CUST_01170,small_business,LATAM,standard,2022-06-11
CUST_01171,individual,NA,basic,2022-05-12
CUST_01172,individual,NA,standard,2022-07-26
CUST_01173,enterprise,NA,basic,2021-02-21
CUST_01174,small_business,NA,premium,2022-11-19
CUST_01175,enterprise,EU,standard,2021-05-23
CUST_01176,enterprise,EU,enterprise,2021-07-27
CUST_01177,individual,NA,standard,2022-11-07
CUST_01178,small_business,EU,enterprise,2022-11-29
CUST_01179,small_business,EU,premium,2022-07-07
CUST_01180,small_business,NA,standard,2022-02-12
CUST_01181,small_business,NA,basic,2021-05-17
CUST_01182,individual,EU,premium,2022-06-24
CUST_01183,small_business,NA,standard,2021-04-14
CUST_01184,individual,NA,standard,2021-10-29
CUST_01185,small_business,EU,premium,2022-03-21
CUST_01186,small_business,EU,enterprise,2021-01-29
CUST_01187,individual,NA,basic,2022-05-05
CUST_01188,small_business,LATAM,basic,2020-10-04
CUST_01189,government,NA,premium,2022-07-05
CUST_01190,individual,NA,premium,2021-03-27
CUST_01191,small_business,APAC,premium,2022-02-28
CUST_01192,individual,LATAM,basic,2022-09-22
CUST_01193,small_business,NA,premium,2021-09-01
CUST_01194,enterprise,NA,premium,2022-04-10
CUST_01195,individual,EU,enterprise,2022-04-13
CUST_01196,individual,EU,standard,2021-02-05
CUST_01197,government,NA,standard,2021-03-08
CUST_01198,small_business,MEA,basic,2022-02-03
CUST_01199,small_business,EU,premium,2022-10-13
CUST_01200,individual,NA,standard,2022-08-06
CUST_01201,enterprise,APAC,enterprise,2021-10-27
CUST_01202,small_business,EU,premium,2022-10-20
CUST_01203,individual,NA,standard,2021-03-04
CUST_01204,individual,NA,standard,2022-03-30
CUST_01205,enterprise,APAC,enterprise,2020-11-27
CUST_01206,small_business,MEA,standard,2022-06-27
CUST_01207,enterprise,NA,basic,2022-04-19
CUST_01208,government,APAC,basic,2022-07-15
CUST_01209,individual,NA,enterprise,2021-09-04
CUST_01210,small_business,NA,standard,2020-11-09
CUST_01211,government,NA,standard,2022-10-07
CUST_01212,small_business,LATAM,standard,2022-04-23
CUST_01213,small_business,EU,basic,2021-07-11
CUST_01214,enterprise,NA,premium,2020-08-03
CUST_01215,enterprise,LATAM,standard,2020-07-24
CUST_01216,small_business,NA,standard,2021-01-17
CUST_01217,small_business,EU,standard,2020-11-26
CUST_01218,small_business,EU,standard,2021-03-18
CUST_01219,small_business,LATAM,standard,2022-05-14
CUST_01220,enterprise,EU,standard,2022-04-10
CUST_01221,individual,NA,standard,2020-11-16
CUST_01222,enterprise,NA,standard,2022-12-24
CUST_01223,small_business,EU,premium,2022-03-01
CUST_01224,individual,EU,basic,2022-05-10
CUST_01225,enterprise,EU,basic,2021-06-06
CUST_01226,individual,NA,premium,2021-03-11
CUST_01227,individual,EU,basic,2021-10-26
CUST_01228,small_business,EU,premium,2021-04-14
CUST_01229,enterprise,APAC,basic,2020-12-02
CUST_01230,small_business,NA,basic,2022-10-23
CUST_01231,individual,NA,standard,2021-04-09
CUST_01232,small_business,APAC,standard,2022-02-07
CUST_01233,individual,NA,standard,2022-06-25
CUST_01234,government,NA,basic,2021-10-10
CUST_01235,small_business,NA,basic,2021-08-14
CUST_01236,individual,EU,premium,2021-08-09
CUST_01237,government,EU,premium,2022-01-28
CUST_01238,individual,APAC,basic,2022-04-04
CUST_01239,enterprise,NA,standard,2022-06-19
CUST_01240,enterprise,NA,standard,2022-12-20
CUST_01241,individual,APAC,basic,2020-11-03
CUST_01242,government,NA,enterprise,2022-06-12
CUST_01243,small_business,APAC,standard,2022-06-02
CUST_01244,small_business,APAC,standard,2022-02-05
CUST_01245,individual,APAC,premium,2021-06-18
CUST_01246,small_business,NA,standard,2022-06-12
CUST_01247,individual,NA,premium,2022-09-08
CUST_01248,individual,EU,basic,2020-10-10
CUST_01249,individual,NA,premium,2022-12-23
CUST_01250,government,EU,premium,2021-01-27
CUST_01251,small_business,EU,basic,2022-07-24
CUST_01252,small_business,APAC,standard,2020-11-15
CUST_01253,small_business,NA,standard,2021-01-13
CUST_01254,small_business,NA,standard,2022-02-11
CUST_01255,government,APAC,premium,2020-09-29
CUST_01256,enterprise,APAC,basic,2021-12-11
CUST_01257,individual,NA,premium,2021-08-23
CUST_01258,small_business,EU,standard,2021-08-18
CUST_01259,individual,NA,standard,2020-12-13
CUST_01260,small_business,LATAM,standard,2020-08-03
CUST_01261,small_business,NA,basic,2022-03-05
CUST_01262,enterprise,EU,standard,2020-10-29
CUST_01263,small_business,EU,basic,2022-12-13
CUST_01264,small_business,EU,standard,2022-02-07
CUST_01265,small_business,APAC,standard,2021-12-01
CUST_01266,individual,APAC,premium,2022-07-28
CUST_01267,small_business,NA,standard,2022-09-10
CUST_01268,individual,APAC,basic,2022-08-22
CUST_01269,individual,NA,basic,2022-06-19
CUST_01270,individual,EU,premium,2021-02-27
CUST_01271,small_business,EU,standard,2022-11-12
CUST_01272,individual,EU,basic,2022-06-02
CUST_01273,small_business,LATAM,premium,2021-09-09
CUST_01274,enterprise,NA,standard,2021-11-02
CUST_01275,enterprise,APAC,basic,2021-04-10
CUST_01276,individual,NA,basic,2022-02-24
CUST_01277,individual,NA,standard,2022-09-20
CUST_01278,small_business,EU,basic,2021-07-12
CUST_01279,small_business,EU,enterprise,2021-06-09
CUST_01280,small_business,EU,basic,2021-03-19
CUST_01281,small_business,APAC,premium,2021-10-21
CUST_01282,enterprise,NA,basic,2021-11-16
CUST_01283,small_business,APAC,standard,2021-04-27
CUST_01284,individual,EU,standard,2022-02-03
CUST_01285,enterprise,EU,standard,2020-09-08
CUST_01286,small_business,EU,standard,2022-05-27
CUST_01287,individual,EU,premium,2021-12-29
CUST_01288,government,EU,standard,2020-12-19
CUST_01289,individual,NA,basic,2022-08-16
CUST_01290,government,NA,standard,2022-05-19
CUST_01291,individual,NA,premium,2021-01-25
CUST_01292,enterprise,LATAM,standard,2021-05-27
CUST_01293,enterprise,NA,basic,2022-01-02
CUST_01294,individual,NA,premium,2022-04-21
CUST_01295,individual,APAC,basic,2021-11-18
CUST_01296,small_business,NA,basic,2022-02-03
CUST_01297,enterprise,NA,premium,2021-01-25
CUST_01298,small_business,APAC,basic,2021-03-15
CUST_01299,individual,APAC,standard,2022-10-13
CUST_01300,enterprise,LATAM,standard,2020-07-15
CUST_01301,enterprise,EU,premium,2020-07-25
CUST_01302,enterprise,APAC,premium,2022-12-21
CUST_01303,small_business,APAC,basic,2021-07-14
CUST_01304,individual,EU,basic,2021-08-05
CUST_01305,small_business,NA,premium,2021-11-25
CUST_01306,government,APAC,standard,2022-10-01
CUST_01307,individual,NA,standard,2022-08-19
CUST_01308,individual,EU,premium,2021-06-19
CUST_01309,individual,NA,standard,2020-10-31
CUST_01310,small_business,APAC,standard,2022-06-13
CUST_01311,small_business,APAC,basic,2021-04-11
CUST_01312,government,EU,basic,2022-04-04
CUST_01313,enterprise,NA,enterprise,2022-10-02
CUST_01314,individual,EU,standard,2022-06-20
CUST_01315,individual,EU,basic,2022-02-23
CUST_01316,individual,NA,premium,2020-10-01
CUST_01317,individual,NA,basic,2020-09-16
CUST_01318,individual,APAC,basic,2020-12-17
CUST_01319,enterprise,NA,basic,2021-04-06
CUST_01320,enterprise,LATAM,premium,2022-12-18
CUST_01321,individual,APAC,standard,2021-09-06
CUST_01322,individual,NA,standard,2022-06-07
CUST_01323,small_business,APAC,standard,2021-04-04
CUST_01324,small_business,NA,premium,2022-12-14
CUST_01325,individual,LATAM,standard,2022-04-15
CUST_01326,individual,NA,premium,2021-04-09
CUST_01327,individual,EU,enterprise,2022-10-25
CUST_01328,individual,NA,premium,2021-02-25
CUST_01329,individual,NA,basic,2021-03-08
CUST_01330,individual,MEA,standard,2021-01-05
CUST_01331,individual,NA,premium,2021-07-06
CUST_01332,individual,NA,enterprise,2021-06-06
CUST_01333,enterprise,NA,basic,2021-07-08
CUST_01334,individual,EU,premium,2022-12-14
CUST_01335,individual,EU,standard,2022-05-05
CUST_01336,government,MEA,basic,2022-10-30
CUST_01337,small_business,LATAM,premium,2020-09-19
CUST_01338,government,LATAM,enterprise,2022-05-16
CUST_01339,individual,LATAM,premium,2022-10-04
CUST_01340,small_business,EU,premium,2020-07-22
CUST_01341,small_business,NA,basic,2022-07-29
CUST_01342,individual,NA,standard,2021-09-29
CUST_01343,small_business,NA,basic,2021-06-26
CUST_01344,small_business,NA,basic,2021-01-26
CUST_01345,small_business,EU,basic,2020-11-04
CUST_01346,individual,LATAM,enterprise,2022-02-10
CUST_01347,individual,EU,premium,2022-06-27
CUST_01348,individual,LATAM,premium,2020-11-09
CUST_01349,individual,MEA,enterprise,2022-02-25
CUST_01350,individual,LATAM,premium,2020-12-06
CUST_01351,individual,APAC,basic,2022-06-26
CUST_01352,individual,MEA,standard,2021-04-21
CUST_01353,small_business,NA,basic,2021-01-28
CUST_01354,individual,NA,premium,2022-08-17
CUST_01355,small_business,EU,premium,2021-12-15
CUST_01356,individual,EU,standard,2022-07-18
CUST_01357,individual,NA,premium,2022-12-17
CUST_01358,enterprise,MEA,basic,2021-02-13
CUST_01359,government,APAC,basic,2021-10-09
CUST_01360,enterprise,EU,standard,2021-09-20
CUST_01361,enterprise,EU,premium,2021-04-19
CUST_01362,small_business,EU,standard,2021-04-15
CUST_01363,government,EU,standard,2021-03-16
CUST_01364,enterprise,APAC,standard,2021-09-26
CUST_01365,small_business,LATAM,premium,2022-04-25
CUST_01366,small_business,EU,premium,2021-06-09
CUST_01367,individual,APAC,enterprise,2022-06-21
CUST_01368,individual,EU,standard,2020-09-06
CUST_01369,individual,NA,basic,2022-11-07
CUST_01370,small_business,LATAM,standard,2021-03-11
CUST_01371,small_business,APAC,basic,2020-10-26
CUST_01372,small_business,LATAM,standard,2021-11-25
CUST_01373,individual,EU,basic,2021-05-07
CUST_01374,enterprise,LATAM,premium,2022-10-01
CUST_01375,individual,APAC,enterprise,2020-10-08
CUST_01376,individual,APAC,basic,2021-01-08
CUST_01377,individual,EU,standard,2021-12-04
CUST_01378,small_business,MEA,standard,2022-07-22
CUST_01379,individual,EU,premium,2022-01-23
CUST_01380,small_business,APAC,basic,2020-07-26
CUST_01381,individual,APAC,basic,2022-02-20
CUST_01382,individual,APAC,standard,2021-03-31
CUST_01383,individual,LATAM,enterprise,2022-12-29
CUST_01384,small_business,NA,standard,2020-08-09
CUST_01385,small_business,APAC,standard,2021-08-14
CUST_01386,individual,EU,standard,2021-11-08
CUST_01387,individual,EU,basic,2021-06-20
CUST_01388,individual,EU,premium,2022-06-03
CUST_01389,individual,NA,premium,2022-11-25
CUST_01390,individual,NA,standard,2021-04-24
CUST_01391,individual,LATAM,basic,2021-11-01
CUST_01392,government,NA,basic,2021-02-24
CUST_01393,small_business,EU,premium,2022-07-04
CUST_01394,government,APAC,standard,2022-11-26
CUST_01395,individual,NA,standard,2021-12-09
CUST_01396,enterprise,APAC,premium,2022-10-27
CUST_01397,individual,NA,premium,2022-03-26
CUST_01398,individual,EU,basic,2022-06-01
CUST_01399,small_business,NA,premium,2021-03-28
CUST_01400,small_business,NA,premium,2021-04-22
CUST_01401,government,MEA,basic,2021-04-18
CUST_01402,enterprise,NA,standard,2021-04-03
CUST_01403,individual,NA,standard,2021-07-18
CUST_01404,small_business,EU,premium,2021-04-17
CUST_01405,individual,NA,basic,2022-09-02
CUST_01406,individual,EU,basic,2020-08-16
CUST_01407,individual,EU,standard,2022-11-16
CUST_01408,individual,EU,standard,2022-12-21
CUST_01409,small_business,APAC,basic,2022-10-24
CUST_01410,individual,EU,standard,2022-12-26
CUST_01411,individual,NA,standard,2021-05-29
CUST_01412,small_business,NA,basic,2022-01-28
CUST_01413,enterprise,LATAM,standard,2021-09-03
CUST_01414,enterprise,APAC,standard,2021-03-30
CUST_01415,small_business,LATAM,premium,2021-09-15
CUST_01416,enterprise,EU,premium,2020-08-29
CUST_01417,small_business,EU,premium,2021-06-12
CUST_01418,small_business,NA,premium,2020-10-05
CUST_01419,enterprise,APAC,basic,2022-08-02
CUST_01420,individual,NA,enterprise,2021-03-31
CUST_01421,small_business,NA,standard,2022-06-24
CUST_01422,small_business,LATAM,premium,2021-01-09
CUST_01423,enterprise,APAC,basic,2022-10-05
CUST_01424,small_business,NA,standard,2022-02-26
CUST_01425,individual,NA,basic,2020-10-20
CUST_01426,individual,NA,basic,2021-08-01
CUST_01427,individual,EU,standard,2022-06-21
CUST_01428,individual,EU,premium,2022-02-18
CUST_01429,enterprise,NA,premium,2020-09-12
CUST_01430,government,EU,enterprise,2022-06-05
CUST_01431,small_business,EU,premium,2021-07-16
CUST_01432,individual,NA,basic,2020-08-16
CUST_01433,small_business,NA,standard,2022-11-15
CUST_01434,individual,APAC,premium,2022-12-09
CUST_01435,small_business,NA,premium,2022-02-07
CUST_01436,individual,NA,standard,2020-11-01
CUST_01437,individual,NA,basic,2022-03-27
CUST_01438,individual,MEA,standard,2022-09-19
CUST_01439,individual,EU,standard,2022-08-10
CUST_01440,government,APAC,standard,2022-07-10
CUST_01441,individual,EU,standard,2021-10-04
CUST_01442,individual,NA,enterprise,2022-11-11
CUST_01443,individual,NA,standard,2022-07-02
CUST_01444,small_business,LATAM,standard,2021-01-25
CUST_01445,small_business,EU,standard,2020-09-16
CUST_01446,individual,APAC,premium,2022-10-13
CUST_01447,government,APAC,standard,2022-08-20
CUST_01448,individual,APAC,premium,2022-09-24
CUST_01449,small_business,APAC,premium,2021-09-12
CUST_01450,small_business,LATAM,basic,2021-04-10
CUST_01451,individual,EU,basic,2021-02-19
CUST_01452,individual,LATAM,standard,2021-08-20
CUST_01453,individual,EU,standard,2021-09-16
CUST_01454,enterprise,NA,standard,2021-05-23
CUST_01455,individual,NA,premium,2020-10-08
CUST_01456,individual,EU,basic,2022-02-26
CUST_01457,small_business,EU,standard,2021-04-06
CUST_01458,individual,NA,standard,2022-10-26
CUST_01459,individual,APAC,standard,2020-10-20
CUST_01460,government,EU,standard,2021-01-21
CUST_01461,individual,APAC,basic,2021-01-03
CUST_01462,small_business,EU,standard,2021-09-14
CUST_01463,individual,NA,standard,2022-02-20
CUST_01464,government,NA,basic,2020-09-20
CUST_01465,small_business,APAC,standard,2021-03-12
CUST_01466,small_business,NA,premium,2021-05-17
CUST_01467,enterprise,APAC,basic,2022-08-04
CUST_01468,small_business,EU,basic,2021-04-11
CUST_01469,small_business,NA,premium,2022-02-11
CUST_01470,individual,APAC,premium,2021-10-13
CUST_01471,small_business,LATAM,enterprise,2021-05-15
CUST_01472,individual,MEA,standard,2022-08-24
CUST_01473,enterprise,NA,enterprise,2022-11-08
CUST_01474,individual,EU,enterprise,2022-09-11
CUST_01475,enterprise,LATAM,basic,2021-01-12
CUST_01476,small_business,EU,premium,2021-11-12
CUST_01477,individual,EU,premium,2021-09-02
CUST_01478,individual,EU,premium,2021-12-29
CUST_01479,enterprise,NA,enterprise,2021-02-14
CUST_01480,individual,NA,standard,2022-08-07
CUST_01481,small_business,EU,standard,2022-08-15
CUST_01482,individual,APAC,standard,2021-09-22
CUST_01483,enterprise,APAC,enterprise,2021-04-03
CUST_01484,individual,EU,standard,2021-09-28
CUST_01485,individual,NA,standard,2022-12-25
CUST_01486,small_business,APAC,basic,2021-08-06
CUST_01487,individual,LATAM,standard,2022-11-28
CUST_01488,government,EU,premium,2022-09-08
CUST_01489,small_business,MEA,basic,2020-12-15
CUST_01490,small_business,MEA,enterprise,2020-10-26
CUST_01491,individual,EU,standard,2021-04-17
CUST_01492,individual,EU,premium,2021-02-16
CUST_01493,individual,APAC,premium,2022-02-16
CUST_01494,small_business,LATAM,standard,2022-12-21
CUST_01495,small_business,EU,standard,2020-12-11
CUST_01496,individual,EU,enterprise,2022-03-06
CUST_01497,individual,NA,enterprise,2020-11-25
CUST_01498,individual,APAC,basic,2021-03-28
CUST_01499,small_business,NA,basic,2022-03-09
CUST_01500,enterprise,EU,basic,2022-10-09
CUST_01501,individual,NA,premium,2022-04-18
CUST_01502,individual,NA,premium,2022-12-18
CUST_01503,small_business,EU,enterprise,2020-12-06
CUST_01504,individual,EU,premium,2022-04-09
CUST_01505,enterprise,NA,basic,2021-07-10
CUST_01506,enterprise,NA,basic,2022-08-06
CUST_01507,small_business,APAC,premium,2020-11-22
CUST_01508,government,APAC,basic,2021-10-08
CUST_01509,small_business,NA,standard,2020-08-22
CUST_01510,individual,APAC,premium,2022-09-05
CUST_01511,individual,EU,standard,2021-09-01
CUST_01512,small_business,APAC,standard,2021-12-09
CUST_01513,small_business,EU,basic,2021-07-07
CUST_01514,enterprise,NA,enterprise,2021-09-29
CUST_01515,individual,NA,standard,2022-11-20
CUST_01516,individual,EU,standard,2020-08-20
CUST_01517,individual,LATAM,premium,2022-01-23
CUST_01518,individual,APAC,basic,2021-05-13
CUST_01519,individual,APAC,premium,2020-12-11
CUST_01520,small_business,APAC,standard,2021-02-07
CUST_01521,small_business,NA,standard,2021-02-12
CUST_01522,individual,NA,standard,2021-07-13
CUST_01523,individual,EU,basic,2022-03-17
CUST_01524,individual,NA,standard,2022-11-04
CUST_01525,government,APAC,premium,2021-04-28
CUST_01526,small_business,APAC,basic,2020-08-08
CUST_01527,small_business,EU,premium,2021-03-09
CUST_01528,small_business,MEA,premium,2021-01-19
CUST_01529,individual,NA,premium,2022-10-16
CUST_01530,small_business,LATAM,basic,2021-10-21
CUST_01531,small_business,APAC,premium,2022-04-13
CUST_01532,individual,NA,premium,2021-12-06
CUST_01533,individual,MEA,basic,2020-09-21
CUST_01534,individual,EU,standard,2022-06-10
CUST_01535,small_business,NA,standard,2022-08-07
CUST_01536,small_business,EU,standard,2022-09-15
CUST_01537,enterprise,APAC,basic,2022-10-19
CUST_01538,individual,APAC,premium,2022-12-13
CUST_01539,enterprise,NA,standard,2022-11-24
CUST_01540,small_business,NA,premium,2021-11-27
CUST_01541,small_business,EU,enterprise,2021-08-17
CUST_01542,small_business,EU,premium,2020-09-22
CUST_01543,enterprise,EU,basic,2021-01-26
CUST_01544,enterprise,EU,standard,2021-12-30
CUST_01545,individual,NA,basic,2021-03-10
CUST_01546,individual,EU,enterprise,2022-10-11
CUST_01547,enterprise,APAC,basic,2022-06-08
CUST_01548,individual,NA,standard,2022-06-20
CUST_01549,individual,EU,basic,2021-01-26
CUST_01550,individual,NA,standard,2020-12-10
CUST_01551,individual,NA,basic,2021-05-04
CUST_01552,individual,EU,premium,2021-03-14
CUST_01553,individual,EU,premium,2021-09-28
CUST_01554,government,NA,standard,2022-01-21
CUST_01555,enterprise,NA,basic,2020-09-27
CUST_01556,small_business,EU,enterprise,2020-07-24
CUST_01557,enterprise,NA,standard,2022-10-20
CUST_01558,individual,NA,premium,2021-09-06
CUST_01559,enterprise,EU,basic,2021-03-08
CUST_01560,individual,NA,basic,2022-02-21
CUST_01561,enterprise,NA,standard,2020-08-29
CUST_01562,small_business,APAC,basic,2021-08-10
CUST_01563,small_business,EU,basic,2022-06-08
CUST_01564,individual,APAC,enterprise,2021-02-06
CUST_01565,individual,NA,premium,2021-06-22
CUST_01566,individual,APAC,premium,2020-11-10
CUST_01567,individual,NA,basic,2022-03-27
CUST_01568,individual,EU,premium,2021-06-14
CUST_01569,individual,NA,standard,2022-08-18
CUST_01570,individual,APAC,standard,2020-10-27
CUST_01571,individual,LATAM,basic,2022-12-25
CUST_01572,individual,NA,premium,2022-03-17
CUST_01573,individual,APAC,premium,2021-01-23
CUST_01574,individual,NA,basic,2021-09-27
CUST_01575,individual,LATAM,standard,2022-11-24
CUST_01576,small_business,APAC,standard,2022-10-03
CUST_01577,small_business,APAC,standard,2022-12-28
CUST_01578,small_business,NA,enterprise,2022-09-26
CUST_01579,small_business,LATAM,enterprise,2021-07-31
CUST_01580,individual,APAC,premium,2022-03-24
CUST_01581,individual,NA,basic,2020-08-20
CUST_01582,government,EU,basic,2021-02-14
CUST_01583,enterprise,NA,standard,2022-06-01
CUST_01584,individual,NA,premium,2020-11-16
CUST_01585,small_business,NA,basic,2021-06-30
CUST_01586,individual,APAC,standard,2022-09-05
CUST_01587,individual,NA,standard,2021-05-18
CUST_01588,individual,NA,premium,2022-02-02
CUST_01589,individual,NA,basic,2022-05-04
CUST_01590,small_business,LATAM,standard,2022-05-21
CUST_01591,individual,EU,basic,2021-10-12
CUST_01592,individual,LATAM,standard,2021-12-01
CUST_01593,individual,EU,basic,2021-12-30
CUST_01594,government,NA,basic,2021-01-23
CUST_01595,small_business,NA,basic,2021-09-12
CUST_01596,small_business,NA,standard,2022-03-05
CUST_01597,small_business,APAC,standard,2021-04-15
CUST_01598,enterprise,EU,standard,2022-05-11
CUST_01599,individual,LATAM,standard,2022-05-25
CUST_01600,small_business,APAC,basic,2020-12-15
CUST_01601,individual,LATAM,basic,2021-10-14
CUST_01602,small_business,LATAM,standard,2022-08-02
CUST_01603,enterprise,LATAM,standard,2022-11-17
CUST_01604,individual,EU,premium,2022-11-28
CUST_01605,individual,EU,premium,2021-01-18
CUST_01606,enterprise,EU,basic,2021-06-09
CUST_01607,enterprise,APAC,standard,2022-05-23
CUST_01608,individual,NA,standard,2022-10-01
CUST_01609,individual,APAC,basic,2021-09-18
CUST_01610,enterprise,APAC,basic,2021-09-23
CUST_01611,small_business,NA,premium,2022-06-26
CUST_01612,enterprise,EU,standard,2021-03-24
CUST_01613,individual,EU,standard,2021-01-24
CUST_01614,individual,NA,standard,2022-03-31
CUST_01615,small_business,EU,standard,2022-06-03
CUST_01616,enterprise,NA,premium,2020-12-09
CUST_01617,government,EU,enterprise,2021-12-25
CUST_01618,enterprise,NA,standard,2021-04-08
CUST_01619,individual,EU,standard,2021-01-10
CUST_01620,individual,APAC,basic,2022-01-24
CUST_01621,individual,NA,standard,2020-11-22
CUST_01622,small_business,MEA,basic,2020-11-30
CUST_01623,enterprise,NA,premium,2021-08-04
CUST_01624,small_business,NA,basic,2022-01-13
CUST_01625,small_business,EU,premium,2021-09-07
CUST_01626,small_business,APAC,standard,2022-03-08
CUST_01627,small_business,EU,premium,2021-01-22
CUST_01628,enterprise,LATAM,basic,2021-09-20
CUST_01629,individual,EU,basic,2022-10-15
CUST_01630,individual,NA,premium,2021-08-11
CUST_01631,individual,NA,enterprise,2022-12-09
CUST_01632,individual,MEA,standard,2022-08-19
CUST_01633,small_business,EU,premium,2022-12-11
CUST_01634,individual,NA,premium,2022-05-09
CUST_01635,enterprise,EU,standard,2021-05-19
CUST_01636,individual,APAC,standard,2021-05-04
CUST_01637,small_business,EU,standard,2021-09-20
CUST_01638,individual,NA,premium,2022-07-10
CUST_01639,enterprise,NA,standard,2022-03-12
CUST_01640,enterprise,NA,standard,2021-09-22
CUST_01641,government,EU,basic,2021-07-02
CUST_01642,individual,MEA,premium,2021-01-22
CUST_01643,enterprise,APAC,basic,2022-09-04
CUST_01644,individual,NA,basic,2022-04-10
CUST_01645,individual,NA,premium,2021-02-19
CUST_01646,individual,NA,standard,2021-06-28
CUST_01647,government,EU,basic,2022-12-07
CUST_01648,individual,EU,basic,2021-09-19
CUST_01649,enterprise,NA,enterprise,2021-06-21
CUST_01650,government,NA,premium,2021-09-03
CUST_01651,enterprise,MEA,premium,2021-05-24
CUST_01652,small_business,APAC,premium,2021-10-06
CUST_01653,individual,NA,standard,2022-11-21
CUST_01654,individual,EU,standard,2021-11-16
CUST_01655,small_business,NA,standard,2022-02-01
CUST_01656,individual,APAC,standard,2022-05-19
CUST_01657,enterprise,APAC,basic,2022-10-08
CUST_01658,small_business,EU,premium,2022-10-04
CUST_01659,government,EU,standard,2021-04-24
CUST_01660,small_business,LATAM,enterprise,2021-12-28
CUST_01661,individual,APAC,standard,2021-12-02
CUST_01662,individual,NA,standard,2021-10-02
CUST_01663,enterprise,NA,premium,2021-10-04
CUST_01664,small_business,EU,standard,2022-07-18
CUST_01665,enterprise,MEA,standard,2021-11-03
CUST_01666,individual,EU,basic,2022-06-03
CUST_01667,individual,MEA,standard,2022-01-23
CUST_01668,individual,MEA,premium,2022-10-03
CUST_01669,individual,APAC,basic,2022-07-06
CUST_01670,small_business,APAC,premium,2022-08-14
CUST_01671,individual,APAC,basic,2021-08-17
CUST_01672,individual,APAC,premium,2022-02-24
CUST_01673,small_business,APAC,basic,2020-10-13
CUST_01674,individual,NA,enterprise,2020-08-30
CUST_01675,small_business,NA,premium,2022-03-13
CUST_01676,individual,EU,premium,2022-04-26
CUST_01677,individual,APAC,standard,2022-10-25
CUST_01678,small_business,EU,standard,2021-10-12
CUST_01679,enterprise,EU,standard,2021-01-21
CUST_01680,enterprise,EU,premium,2022-12-15
CUST_01681,enterprise,NA,basic,2022-02-08
CUST_01682,small_business,APAC,standard,2022-11-08
CUST_01683,individual,EU,enterprise,2022-01-02
CUST_01684,individual,NA,standard,2022-10-15
CUST_01685,small_business,APAC,basic,2022-09-27
CUST_01686,small_business,NA,standard,2022-02-12
CUST_01687,enterprise,APAC,standard,2021-01-30
CUST_01688,small_business,EU,standard,2022-01-06
CUST_01689,enterprise,NA,standard,2021-12-16
CUST_01690,enterprise,EU,enterprise,2022-07-19
CUST_01691,individual,NA,basic,2022-06-23
CUST_01692,enterprise,EU,premium,2021-07-12
CUST_01693,enterprise,APAC,premium,2020-10-02
CUST_01694,individual,EU,basic,2020-09-15
CUST_01695,individual,NA,standard,2021-01-24
CUST_01696,individual,APAC,premium,2021-04-30
CUST_01697,small_business,MEA,basic,2022-02-24
CUST_01698,individual,APAC,basic,2020-08-07
CUST_01699,small_business,APAC,standard,2022-06-01
CUST_01700,individual,NA,premium,2020-10-21
CUST_01701,individual,NA,standard,2021-10-17
CUST_01702,individual,NA,premium,2021-07-25
CUST_01703,small_business,EU,enterprise,2022-11-18
CUST_01704,individual,APAC,premium,2020-10-22
CUST_01705,individual,EU,standard,2022-06-11
CUST_01706,individual,EU,basic,2020-08-18
CUST_01707,small_business,NA,standard,2022-01-06
CUST_01708,individual,EU,premium,2022-04-29
CUST_01709,small_business,NA,premium,2020-11-11
CUST_01710,individual,NA,basic,2022-03-19
CUST_01711,individual,APAC,basic,2020-12-20
CUST_01712,individual,NA,standard,2021-01-07
CUST_01713,small_business,APAC,basic,2021-02-11
CUST_01714,government,NA,standard,2021-12-09
CUST_01715,individual,EU,standard,2020-11-13
CUST_01716,government,NA,basic,2022-08-15
CUST_01717,small_business,EU,basic,2020-12-23
CUST_01718,individual,NA,basic,2022-03-17
CUST_01719,small_business,APAC,premium,2020-08-23
CUST_01720,individual,EU,basic,2020-08-09
CUST_01721,individual,LATAM,premium,2020-10-02
CUST_01722,small_business,APAC,basic,2021-02-10
CUST_01723,small_business,NA,standard,2021-02-26
CUST_01724,small_business,NA,standard,2021-01-20
CUST_01725,small_business,NA,enterprise,2022-07-13
CUST_01726,individual,MEA,standard,2021-05-02
CUST_01727,enterprise,EU,basic,2021-10-24
CUST_01728,small_business,NA,premium,2021-05-16
CUST_01729,small_business,APAC,premium,2021-11-18
CUST_01730,individual,APAC,enterprise,2021-08-23
CUST_01731,small_business,NA,standard,2022-08-29
CUST_01732,individual,EU,standard,2022-08-17
CUST_01733,individual,APAC,premium,2021-08-09
CUST_01734,small_business,MEA,standard,2021-02-05
CUST_01735,individual,NA,standard,2020-11-14
CUST_01736,individual,APAC,premium,2020-10-12
CUST_01737,small_business,NA,standard,2021-08-03
CUST_01738,individual,NA,premium,2021-06-21
CUST_01739,individual,APAC,enterprise,2022-09-02
CUST_01740,individual,NA,standard,2021-09-18
CUST_01741,individual,NA,premium,2020-10-25
CUST_01742,individual,APAC,standard,2022-08-17
CUST_01743,individual,EU,premium,2021-05-29
CUST_01744,small_business,APAC,premium,2021-05-26
CUST_01745,small_business,EU,basic,2022-11-05
CUST_01746,individual,EU,enterprise,2021-04-10
CUST_01747,small_business,APAC,basic,2022-10-31
CUST_01748,individual,NA,premium,2022-01-09
CUST_01749,enterprise,EU,premium,2021-04-01
CUST_01750,individual,NA,standard,2022-01-01
CUST_01751,individual,NA,basic,2022-05-06
CUST_01752,small_business,EU,enterprise,2022-10-26
CUST_01753,enterprise,NA,basic,2021-06-29
CUST_01754,individual,EU,premium,2021-05-30
CUST_01755,small_business,EU,basic,2021-09-08
CUST_01756,small_business,MEA,standard,2021-11-28
CUST_01757,individual,NA,standard,2021-01-24
CUST_01758,small_business,NA,standard,2020-11-09
CUST_01759,small_business,NA,basic,2021-10-12
CUST_01760,individual,APAC,enterprise,2022-10-16
CUST_01761,enterprise,EU,basic,2022-11-14
CUST_01762,individual,EU,premium,2021-04-02
CUST_01763,small_business,NA,premium,2022-09-26
CUST_01764,small_business,NA,standard,2021-07-07
CUST_01765,small_business,NA,premium,2021-03-05
CUST_01766,enterprise,EU,basic,2021-02-21
CUST_01767,small_business,NA,standard,2021-04-02
CUST_01768,small_business,APAC,standard,2022-12-13
CUST_01769,small_business,EU,basic,2021-08-08
CUST_01770,individual,MEA,premium,2021-09-10
CUST_01771,individual,APAC,premium,2020-08-11
CUST_01772,enterprise,EU,standard,2021-03-31
CUST_01773,individual,NA,standard,2022-04-30
CUST_01774,individual,APAC,standard,2021-10-13
CUST_01775,individual,LATAM,enterprise,2021-03-23
CUST_01776,individual,EU,premium,2021-03-11
CUST_01777,individual,APAC,basic,2022-05-02
CUST_01778,individual,NA,basic,2020-09-06
CUST_01779,individual,EU,enterprise,2021-10-26
CUST_01780,small_business,NA,basic,2022-08-15
CUST_01781,individual,APAC,basic,2021-06-17
CUST_01782,individual,LATAM,enterprise,2021-08-22
CUST_01783,enterprise,NA,premium,2022-02-14
CUST_01784,small_business,LATAM,enterprise,2021-11-11
CUST_01785,enterprise,APAC,premium,2021-11-21
CUST_01786,government,APAC,basic,2022-09-09
CUST_01787,small_business,EU,basic,2021-02-20
CUST_01788,enterprise,LATAM,enterprise,2022-04-19
CUST_01789,small_business,NA,standard,2020-11-01
CUST_01790,enterprise,NA,standard,2021-11-28
CUST_01791,enterprise,APAC,enterprise,2022-05-23
CUST_01792,individual,NA,enterprise,2021-10-08
CUST_01793,individual,LATAM,basic,2021-07-04
CUST_01794,individual,LATAM,standard,2021-10-25
CUST_01795,small_business,NA,basic,2020-10-20
CUST_01796,government,EU,premium,2020-09-12
CUST_01797,individual,APAC,enterprise,2022-11-27
CUST_01798,enterprise,APAC,enterprise,2021-01-24
CUST_01799,enterprise,APAC,basic,2021-12-04
CUST_01800,individual,MEA,standard,2020-09-22
CUST_01801,small_business,EU,basic,2021-10-05
CUST_01802,individual,LATAM,standard,2022-04-15
CUST_01803,individual,LATAM,premium,2022-03-03
CUST_01804,individual,LATAM,enterprise,2021-03-26
CUST_01805,individual,APAC,standard,2020-10-15
CUST_01806,individual,LATAM,premium,2021-08-16
CUST_01807,small_business,EU,premium,2020-12-28
CUST_01808,individual,LATAM,basic,2022-07-21
CUST_01809,small_business,EU,standard,2021-04-25
CUST_01810,small_business,EU,standard,2021-01-20
CUST_01811,individual,NA,standard,2021-03-27
CUST_01812,individual,APAC,basic,2022-06-11
CUST_01813,small_business,NA,basic,2022-07-24
CUST_01814,individual,APAC,premium,2021-03-08
CUST_01815,enterprise,APAC,premium,2020-10-12
CUST_01816,government,EU,premium,2022-08-18
CUST_01817,individual,APAC,premium,2020-10-05
CUST_01818,individual,NA,standard,2021-11-25
CUST_01819,enterprise,LATAM,premium,2022-05-17
CUST_01820,individual,NA,standard,2021-04-15
CUST_01821,small_business,LATAM,enterprise,2022-06-12
CUST_01822,individual,LATAM,basic,2021-04-09
CUST_01823,individual,NA,basic,2021-12-21
CUST_01824,individual,EU,basic,2021-07-12
CUST_01825,individual,LATAM,standard,2021-02-11
CUST_01826,small_business,NA,basic,2020-08-02
CUST_01827,enterprise,NA,premium,2021-12-06
CUST_01828,individual,LATAM,standard,2020-09-10
CUST_01829,individual,APAC,standard,2021-11-09
CUST_01830,enterprise,NA,enterprise,2022-05-05
CUST_01831,small_business,LATAM,standard,2021-01-31
CUST_01832,small_business,NA,standard,2020-07-23
CUST_01833,individual,APAC,premium,2021-01-01
CUST_01834,individual,EU,standard,2022-10-19
CUST_01835,individual,NA,standard,2022-05-06
CUST_01836,small_business,EU,standard,2021-02-14
CUST_01837,government,EU,premium,2022-11-16
CUST_01838,individual,EU,standard,2021-11-23
CUST_01839,small_business,NA,premium,2022-11-20
CUST_01840,small_business,NA,standard,2022-01-19
CUST_01841,enterprise,NA,standard,2021-07-07
CUST_01842,individual,NA,standard,2022-08-24
CUST_01843,small_business,MEA,basic,2021-12-28
CUST_01844,enterprise,NA,premium,2021-04-14
CUST_01845,enterprise,LATAM,standard,2021-10-12
CUST_01846,enterprise,NA,enterprise,2020-11-10
CUST_01847,government,EU,enterprise,2021-03-21
CUST_01848,enterprise,NA,basic,2022-05-11
CUST_01849,individual,EU,basic,2021-09-10
CUST_01850,individual,MEA,enterprise,2022-11-21
CUST_01851,individual,MEA,standard,2021-09-20
CUST_01852,small_business,APAC,premium,2022-08-28
CUST_01853,individual,NA,basic,2020-08-30
CUST_01854,individual,EU,basic,2021-02-21
CUST_01855,small_business,EU,enterprise,2021-07-12
CUST_01856,enterprise,NA,enterprise,2022-04-24
CUST_01857,enterprise,APAC,premium,2022-12-06
CUST_01858,individual,MEA,basic,2021-12-15
CUST_01859,small_business,MEA,premium,2022-07-28
CUST_01860,individual,EU,premium,2021-08-28
CUST_01861,small_business,MEA,standard,2022-12-27
CUST_01862,individual,NA,standard,2021-09-25
CUST_01863,individual,APAC,premium,2020-10-07
CUST_01864,small_business,NA,basic,2021-03-13
CUST_01865,individual,APAC,premium,2021-06-20
CUST_01866,government,EU,standard,2022-07-03
CUST_01867,individual,APAC,standard,2022-12-11
CUST_01868,enterprise,NA,premium,2022-03-16
CUST_01869,small_business,MEA,basic,2022-03-02
CUST_01870,small_business,EU,premium,2022-02-18
CUST_01871,enterprise,EU,standard,2022-09-25
CUST_01872,enterprise,EU,standard,2021-11-30
CUST_01873,small_business,EU,standard,2020-11-18
CUST_01874,individual,EU,basic,2021-03-27
CUST_01875,individual,NA,standard,2021-09-14
CUST_01876,small_business,APAC,premium,2021-08-12
CUST_01877,small_business,APAC,basic,2021-09-09
CUST_01878,individual,LATAM,standard,2022-08-02
CUST_01879,government,APAC,standard,2022-04-22
CUST_01880,small_business,NA,basic,2022-10-15
CUST_01881,enterprise,EU,standard,2021-11-05
CUST_01882,individual,APAC,standard,2022-04-17
CUST_01883,individual,EU,premium,2022-12-16
CUST_01884,individual,APAC,basic,2022-06-29
CUST_01885,enterprise,NA,standard,2021-01-10
CUST_01886,individual,EU,standard,2021-02-14
CUST_01887,individual,APAC,standard,2020-07-23
CUST_01888,enterprise,NA,basic,2021-04-23
CUST_01889,individual,APAC,standard,2022-12-14
CUST_01890,individual,NA,basic,2021-08-31
CUST_01891,small_business,EU,premium,2020-11-30
CUST_01892,small_business,EU,standard,2021-04-10
CUST_01893,individual,APAC,premium,2021-11-23
CUST_01894,enterprise,NA,basic,2022-06-20
CUST_01895,individual,NA,enterprise,2020-08-05
CUST_01896,individual,EU,basic,2022-04-29
CUST_01897,individual,EU,premium,2022-06-20
CUST_01898,individual,APAC,basic,2021-10-26
CUST_01899,individual,NA,basic,2021-01-12
CUST_01900,individual,EU,basic,2021-09-28
CUST_01901,small_business,NA,standard,2020-08-31
CUST_01902,individual,NA,basic,2020-08-17
CUST_01903,small_business,MEA,premium,2020-12-08
CUST_01904,small_business,APAC,enterprise,2022-11-25
CUST_01905,small_business,EU,standard,2021-04-15
CUST_01906,government,LATAM,premium,2022-05-09
CUST_01907,small_business,EU,standard,2022-02-12
CUST_01908,small_business,NA,standard,2021-09-04
CUST_01909,individual,EU,standard,2021-09-29
CUST_01910,small_business,NA,basic,2022-06-19
CUST_01911,small_business,EU,standard,2021-05-10
CUST_01912,enterprise,NA,standard,2020-08-22
CUST_01913,small_business,EU,premium,2020-12-22
CUST_01914,small_business,MEA,premium,2021-02-11
CUST_01915,small_business,EU,standard,2020-08-20
CUST_01916,individual,NA,premium,2022-10-05
CUST_01917,small_business,NA,basic,2021-04-21
CUST_01918,small_business,APAC,enterprise,2021-08-14
CUST_01919,individual,NA,basic,2022-12-14
CUST_01920,individual,NA,premium,2022-07-07
CUST_01921,enterprise,LATAM,basic,2022-10-28
CUST_01922,individual,NA,basic,2021-06-05
CUST_01923,individual,NA,standard,2022-01-03
CUST_01924,enterprise,APAC,standard,2022-07-31
CUST_01925,enterprise,LATAM,standard,2022-09-17
CUST_01926,small_business,LATAM,standard,2021-09-20
CUST_01927,government,APAC,enterprise,2020-10-23
CUST_01928,small_business,APAC,enterprise,2020-09-10
CUST_01929,small_business,EU,basic,2022-09-03
CUST_01930,enterprise,LATAM,basic,2022-03-08
CUST_01931,small_business,APAC,standard,2020-07-24
CUST_01932,individual,APAC,standard,2022-08-13
CUST_01933,individual,NA,enterprise,2020-11-05
CUST_01934,enterprise,NA,premium,2022-01-17
CUST_01935,individual,NA,basic,2020-12-30
CUST_01936,enterprise,EU,premium,2022-07-30
CUST_01937,enterprise,EU,premium,2022-08-13
CUST_01938,enterprise,EU,standard,2021-09-19
CUST_01939,government,EU,premium,2022-12-02
CUST_01940,individual,APAC,premium,2021-07-21
CUST_01941,government,NA,standard,2020-11-02
CUST_01942,individual,NA,premium,2021-02-24
CUST_01943,enterprise,NA,standard,2021-03-26
CUST_01944,government,APAC,premium,2022-03-05
CUST_01945,individual,LATAM,premium,2020-07-21
CUST_01946,individual,APAC,enterprise,2022-12-24
CUST_01947,enterprise,LATAM,standard,2022-08-04
CUST_01948,small_business,EU,basic,2021-06-23
CUST_01949,small_business,EU,standard,2022-01-13
CUST_01950,enterprise,APAC,standard,2022-06-13
CUST_01951,enterprise,NA,standard,2021-11-28
CUST_01952,small_business,APAC,basic,2021-06-27
CUST_01953,individual,NA,standard,2021-07-17
CUST_01954,individual,APAC,basic,2020-10-08
CUST_01955,small_business,NA,premium,2022-02-24
CUST_01956,small_business,MEA,basic,2022-11-01
CUST_01957,enterprise,NA,standard,2022-08-28
CUST_01958,individual,APAC,basic,2022-03-02
CUST_01959,small_business,NA,standard,2022-05-05
CUST_01960,enterprise,MEA,standard,2021-03-30
CUST_01961,small_business,APAC,basic,2022-03-01
CUST_01962,individual,APAC,premium,2021-02-12
CUST_01963,individual,EU,premium,2022-09-16
CUST_01964,individual,EU,premium,2021-12-28
CUST_01965,small_business,NA,standard,2021-11-06
CUST_01966,individual,NA,premium,2021-09-01
CUST_01967,individual,NA,premium,2021-11-15
CUST_01968,small_business,EU,standard,2022-04-06
CUST_01969,small_business,APAC,enterprise,2021-01-26
CUST_01970,government,EU,enterprise,2020-09-10
CUST_01971,individual,EU,standard,2021-09-20
CUST_01972,individual,APAC,premium,2022-09-03
CUST_01973,small_business,EU,basic,2022-07-25
CUST_01974,government,EU,enterprise,2021-04-25
CUST_01975,enterprise,NA,standard,2022-03-11
CUST_01976,individual,NA,standard,2021-12-14
CUST_01977,individual,EU,premium,2022-08-09
CUST_01978,enterprise,EU,enterprise,2022-02-23
CUST_01979,enterprise,NA,premium,2021-08-19
CUST_01980,individual,EU,basic,2022-11-17
CUST_01981,individual,EU,standard,2022-01-21
CUST_01982,enterprise,EU,premium,2021-04-21
CUST_01983,individual,NA,standard,2020-11-13
CUST_01984,individual,EU,premium,2022-02-02
CUST_01985,individual,EU,standard,2021-12-01
CUST_01986,individual,EU,standard,2021-02-14
CUST_01987,enterprise,APAC,standard,2020-07-29
CUST_01988,individual,NA,standard,2020-11-02
CUST_01989,small_business,EU,basic,2021-06-08
CUST_01990,individual,MEA,standard,2020-11-17
CUST_01991,individual,EU,basic,2021-09-01
CUST_01992,small_business,NA,premium,2021-07-06
CUST_01993,individual,NA,premium,2022-04-25
CUST_01994,enterprise,APAC,standard,2022-10-07
CUST_01995,enterprise,EU,standard,2022-11-16
CUST_01996,small_business,LATAM,standard,2022-07-01
CUST_01997,individual,LATAM,standard,2022-04-13
CUST_01998,individual,MEA,standard,2022-03-15
CUST_01999,individual,NA,basic,2022-02-21
CUST_02000,government,APAC,basic,2022-02-02
CUST_02001,individual,APAC,basic,2022-09-22
CUST_02002,individual,EU,standard,2021-12-13
CUST_02003,government,LATAM,basic,2022-05-01
CUST_02004,enterprise,EU,standard,2020-11-22
CUST_02005,small_business,LATAM,basic,2022-02-10
CUST_02006,small_business,EU,standard,2021-11-10
CUST_02007,small_business,LATAM,basic,2021-06-13
CUST_02008,government,APAC,basic,2021-06-12
CUST_02009,small_business,NA,standard,2021-10-02
CUST_02010,individual,APAC,basic,2022-08-09
CUST_02011,individual,MEA,premium,2021-06-30
CUST_02012,government,MEA,standard,2022-11-20
CUST_02013,individual,EU,premium,2022-03-11
CUST_02014,small_business,NA,basic,2021-08-26
CUST_02015,individual,NA,premium,2022-01-07
CUST_02016,enterprise,NA,premium,2022-03-19
CUST_02017,individual,APAC,standard,2022-02-28
CUST_02018,individual,APAC,premium,2020-12-20
CUST_02019,small_business,NA,standard,2021-04-16
CUST_02020,small_business,APAC,premium,2022-01-16
CUST_02021,small_business,MEA,premium,2022-03-28
CUST_02022,individual,MEA,standard,2021-09-18
CUST_02023,government,NA,enterprise,2022-08-18
CUST_02024,small_business,NA,standard,2022-12-23
CUST_02025,small_business,EU,premium,2021-01-11
CUST_02026,small_business,EU,basic,2020-07-18
CUST_02027,small_business,NA,basic,2020-09-01
CUST_02028,enterprise,EU,basic,2020-09-21
CUST_02029,individual,EU,standard,2020-08-25
CUST_02030,enterprise,APAC,basic,2021-09-15
CUST_02031,individual,NA,basic,2020-12-02
CUST_02032,individual,NA,enterprise,2021-12-31
CUST_02033,individual,APAC,standard,2020-09-26
CUST_02034,small_business,NA,standard,2021-12-26
CUST_02035,individual,EU,premium,2021-04-21
CUST_02036,individual,NA,premium,2021-11-22
CUST_02037,individual,NA,standard,2022-07-11
CUST_02038,small_business,APAC,standard,2021-02-02
CUST_02039,small_business,NA,standard,2020-11-29
CUST_02040,individual,NA,standard,2022-05-13
CUST_02041,enterprise,APAC,basic,2020-08-16
CUST_02042,small_business,MEA,premium,2021-07-05
CUST_02043,small_business,APAC,premium,2022-12-30
CUST_02044,government,APAC,enterprise,2022-11-09
CUST_02045,enterprise,NA,premium,2021-11-11
CUST_02046,individual,APAC,standard,2021-12-27
CUST_02047,small_business,NA,premium,2022-11-14
CUST_02048,individual,EU,standard,2022-12-27
CUST_02049,individual,NA,premium,2020-09-26
CUST_02050,individual,APAC,enterprise,2021-10-25
CUST_02051,government,LATAM,basic,2022-01-29
CUST_02052,individual,EU,basic,2021-08-28
CUST_02053,individual,NA,premium,2022-01-24
CUST_02054,enterprise,NA,standard,2022-01-18
CUST_02055,enterprise,APAC,standard,2022-05-04
CUST_02056,government,APAC,standard,2020-11-10
CUST_02057,individual,EU,basic,2022-10-31
CUST_02058,enterprise,EU,premium,2021-01-21
CUST_02059,individual,NA,enterprise,2021-10-06
CUST_02060,individual,EU,standard,2022-09-19
CUST_02061,small_business,EU,basic,2021-12-07
CUST_02062,individual,EU,standard,2020-07-30
CUST_02063,small_business,APAC,basic,2021-12-04
CUST_02064,small_business,EU,standard,2022-09-20
CUST_02065,individual,LATAM,premium,2021-09-24
CUST_02066,small_business,EU,basic,2022-12-20
CUST_02067,small_business,NA,premium,2022-06-17
CUST_02068,enterprise,NA,standard,2022-01-03
CUST_02069,individual,APAC,standard,2022-04-28
CUST_02070,individual,NA,basic,2021-05-13
CUST_02071,individual,MEA,premium,2022-02-17
CUST_02072,small_business,EU,basic,2021-09-08
CUST_02073,individual,NA,standard,2022-12-24
CUST_02074,small_business,APAC,basic,2022-05-03
CUST_02075,small_business,APAC,premium,2021-10-26
CUST_02076,individual,MEA,standard,2022-06-09
CUST_02077,enterprise,NA,premium,2021-01-20
CUST_02078,small_business,EU,premium,2020-08-12
CUST_02079,small_business,MEA,standard,2021-10-30
CUST_02080,individual,NA,premium,2022-11-19
CUST_02081,small_business,LATAM,standard,2021-01-22
CUST_02082,individual,EU,basic,2020-12-10
CUST_02083,enterprise,APAC,premium,2021-12-13
CUST_02084,individual,NA,enterprise,2021-12-26
CUST_02085,individual,EU,standard,2022-08-09
CUST_02086,individual,NA,standard,2020-11-09
CUST_02087,individual,MEA,basic,2022-03-17
CUST_02088,individual,LATAM,premium,2022-01-19
CUST_02089,enterprise,NA,basic,2022-07-05
CUST_02090,enterprise,LATAM,basic,2021-02-07
CUST_02091,individual,APAC,premium,2022-01-20
CUST_02092,government,NA,basic,2020-09-25
CUST_02093,individual,NA,standard,2020-10-05
CUST_02094,government,LATAM,premium,2022-10-27
CUST_02095,individual,LATAM,basic,2022-06-21
CUST_02096,individual,EU,standard,2021-04-28
CUST_02097,individual,APAC,enterprise,2020-11-11
CUST_02098,small_business,NA,standard,2020-10-15
CUST_02099,individual,NA,standard,2022-03-21
CUST_02100,enterprise,LATAM,enterprise,2021-08-19
CUST_02101,individual,NA,standard,2021-02-21
CUST_02102,small_business,NA,standard,2021-03-12
CUST_02103,enterprise,EU,standard,2022-07-02
CUST_02104,individual,EU,premium,2020-12-30
CUST_02105,government,EU,standard,2021-03-19
CUST_02106,enterprise,EU,basic,2022-05-22
CUST_02107,enterprise,EU,basic,2022-05-23
CUST_02108,individual,LATAM,standard,2020-08-22
CUST_02109,individual,EU,basic,2022-10-07
CUST_02110,individual,EU,basic,2022-11-20
CUST_02111,small_business,EU,standard,2021-09-10
CUST_02112,individual,EU,standard,2022-03-28
CUST_02113,individual,NA,basic,2021-03-12
CUST_02114,individual,LATAM,basic,2021-08-06
CUST_02115,small_business,APAC,premium,2022-05-13
CUST_02116,individual,NA,basic,2022-06-10
CUST_02117,individual,APAC,basic,2020-11-29
CUST_02118,enterprise,APAC,basic,2021-01-09
CUST_02119,small_business,NA,premium,2020-12-29
CUST_02120,small_business,LATAM,basic,2022-03-01
CUST_02121,individual,NA,enterprise,2021-11-12
CUST_02122,enterprise,APAC,basic,2021-03-03
CUST_02123,small_business,APAC,basic,2021-11-20
CUST_02124,individual,APAC,basic,2022-05-07
CUST_02125,small_business,APAC,premium,2020-12-23
CUST_02126,enterprise,NA,basic,2020-08-18
CUST_02127,individual,APAC,premium,2022-06-01
CUST_02128,individual,LATAM,basic,2022-08-12
CUST_02129,small_business,NA,enterprise,2022-12-23
CUST_02130,small_business,APAC,standard,2022-05-16
CUST_02131,individual,APAC,standard,2020-10-26
CUST_02132,small_business,NA,standard,2021-05-30
CUST_02133,enterprise,LATAM,basic,2022-01-28
CUST_02134,small_business,APAC,enterprise,2021-05-24
CUST_02135,enterprise,MEA,basic,2021-11-27
CUST_02136,individual,EU,standard,2022-01-30
CUST_02137,small_business,EU,premium,2022-09-28
CUST_02138,individual,APAC,basic,2020-09-07
CUST_02139,small_business,EU,basic,2022-10-22
CUST_02140,enterprise,EU,basic,2022-03-09
CUST_02141,small_business,NA,basic,2021-07-20
CUST_02142,individual,NA,enterprise,2021-11-27
CUST_02143,individual,NA,standard,2021-08-30
CUST_02144,small_business,EU,enterprise,2022-06-04
CUST_02145,individual,NA,standard,2021-01-05
CUST_02146,small_business,NA,standard,2022-02-18
CUST_02147,small_business,EU,premium,2022-03-25
CUST_02148,individual,MEA,standard,2020-09-09
CUST_02149,individual,APAC,standard,2021-05-29
CUST_02150,enterprise,EU,standard,2020-12-08
CUST_02151,individual,APAC,enterprise,2022-01-11
CUST_02152,small_business,APAC,basic,2021-04-14
CUST_02153,enterprise,APAC,standard,2022-07-02
CUST_02154,enterprise,APAC,standard,2021-02-26
CUST_02155,individual,EU,standard,2022-11-18
CUST_02156,individual,LATAM,basic,2021-03-29
CUST_02157,small_business,APAC,basic,2020-12-19
CUST_02158,small_business,NA,standard,2020-11-12
CUST_02159,small_business,MEA,basic,2022-09-16
CUST_02160,small_business,APAC,standard,2022-07-17
CUST_02161,individual,EU,standard,2022-10-19
CUST_02162,small_business,APAC,standard,2022-01-15
CUST_02163,small_business,LATAM,standard,2022-12-22
CUST_02164,individual,APAC,basic,2021-02-14
CUST_02165,small_business,EU,basic,2021-06-19
CUST_02166,small_business,APAC,standard,2021-09-06
CUST_02167,enterprise,APAC,basic,2022-12-14
CUST_02168,small_business,NA,basic,2020-12-03
CUST_02169,individual,NA,premium,2021-02-07
CUST_02170,individual,EU,basic,2020-12-31
CUST_02171,individual,APAC,basic,2021-01-18
CUST_02172,individual,APAC,standard,2021-02-22
CUST_02173,small_business,LATAM,standard,2022-02-20
CUST_02174,individual,EU,basic,2021-12-11
CUST_02175,enterprise,LATAM,standard,2022-05-02
CUST_02176,individual,NA,basic,2022-12-18
CUST_02177,individual,NA,premium,2022-05-21
CUST_02178,government,NA,premium,2021-02-20
CUST_02179,individual,NA,standard,2022-09-13
CUST_02180,enterprise,NA,standard,2021-04-02
CUST_02181,individual,EU,enterprise,2022-08-31
CUST_02182,individual,NA,standard,2022-12-17
CUST_02183,individual,NA,standard,2021-09-19
CUST_02184,individual,APAC,basic,2021-04-03
CUST_02185,individual,NA,basic,2022-02-27
CUST_02186,enterprise,EU,enterprise,2021-01-02
CUST_02187,small_business,MEA,premium,2022-07-10
CUST_02188,individual,NA,standard,2021-03-26
CUST_02189,small_business,APAC,enterprise,2021-01-21
CUST_02190,individual,NA,premium,2021-01-27
CUST_02191,individual,LATAM,standard,2022-01-23
CUST_02192,individual,LATAM,standard,2021-07-27
CUST_02193,small_business,NA,standard,2022-12-19
CUST_02194,individual,EU,premium,2022-02-19
CUST_02195,individual,EU,basic,2022-10-12
CUST_02196,individual,EU,basic,2022-07-30
CUST_02197,individual,APAC,basic,2020-12-20
CUST_02198,small_business,LATAM,premium,2022-01-30
CUST_02199,individual,NA,premium,2022-11-22
CUST_02200,small_business,MEA,standard,2022-03-12
CUST_02201,enterprise,NA,premium,2022-01-16
CUST_02202,individual,EU,enterprise,2021-02-20
CUST_02203,government,APAC,premium,2022-05-19
CUST_02204,small_business,EU,standard,2021-10-06
CUST_02205,small_business,NA,standard,2022-06-18
CUST_02206,individual,MEA,enterprise,2022-08-26
CUST_02207,individual,EU,premium,2022-06-06
CUST_02208,individual,NA,premium,2022-02-17
CUST_02209,individual,NA,standard,2021-04-21
CUST_02210,individual,NA,standard,2021-03-22
CUST_02211,individual,LATAM,standard,2021-12-29
CUST_02212,individual,NA,standard,2021-08-02
CUST_02213,small_business,EU,basic,2020-10-11
CUST_02214,small_business,APAC,standard,2022-10-08
CUST_02215,enterprise,LATAM,standard,2022-07-29
CUST_02216,small_business,NA,standard,2022-02-22
CUST_02217,small_business,EU,standard,2022-10-20
CUST_02218,individual,APAC,basic,2022-06-21
CUST_02219,individual,LATAM,premium,2021-12-14
CUST_02220,small_business,LATAM,enterprise,2020-12-02
CUST_02221,individual,EU,standard,2021-05-09
CUST_02222,individual,LATAM,enterprise,2022-08-27
CUST_02223,individual,EU,basic,2021-10-12
CUST_02224,government,APAC,premium,2022-01-10
CUST_02225,small_business,EU,premium,2021-01-18
CUST_02226,individual,EU,standard,2022-04-24
CUST_02227,individual,NA,premium,2021-03-26
CUST_02228,small_business,NA,premium,2022-08-03
CUST_02229,individual,EU,premium,2022-04-16
CUST_02230,individual,EU,premium,2022-07-20
CUST_02231,individual,APAC,standard,2021-12-04
CUST_02232,individual,EU,enterprise,2021-07-20
CUST_02233,enterprise,LATAM,basic,2021-10-21
CUST_02234,individual,NA,enterprise,2021-02-26
CUST_02235,enterprise,EU,premium,2020-11-22
CUST_02236,enterprise,APAC,basic,2021-03-21
CUST_02237,small_business,APAC,premium,2022-04-01
CUST_02238,small_business,LATAM,standard,2022-02-20
CUST_02239,individual,NA,standard,2022-09-24
CUST_02240,individual,APAC,standard,2021-03-02
CUST_02241,individual,EU,basic,2022-06-25
CUST_02242,small_business,NA,basic,2022-09-11
CUST_02243,small_business,APAC,basic,2022-11-02
CUST_02244,small_business,APAC,basic,2020-07-23
CUST_02245,individual,EU,standard,2020-07-26
CUST_02246,small_business,NA,basic,2022-08-27
CUST_02247,individual,NA,standard,2021-08-30
CUST_02248,small_business,APAC,basic,2022-04-04
CUST_02249,enterprise,NA,standard,2022-11-20
CUST_02250,individual,EU,basic,2021-04-24
CUST_02251,small_business,MEA,basic,2021-08-22
CUST_02252,small_business,NA,standard,2021-12-18
CUST_02253,small_business,NA,standard,2022-05-01
CUST_02254,government,APAC,standard,2022-11-04
CUST_02255,government,LATAM,premium,2022-12-29
CUST_02256,small_business,APAC,premium,2022-08-12
CUST_02257,individual,NA,standard,2021-01-15
CUST_02258,enterprise,NA,standard,2021-01-29
CUST_02259,small_business,EU,standard,2022-06-23
CUST_02260,individual,APAC,enterprise,2022-02-06
CUST_02261,individual,EU,basic,2020-09-27
CUST_02262,small_business,APAC,basic,2021-08-23
CUST_02263,individual,EU,basic,2021-10-20
CUST_02264,government,LATAM,standard,2021-02-26
CUST_02265,enterprise,LATAM,premium,2022-03-07
CUST_02266,small_business,APAC,premium,2020-07-18
CUST_02267,small_business,LATAM,standard,2022-08-24
CUST_02268,small_business,NA,premium,2021-06-19
CUST_02269,government,EU,premium,2022-09-05
CUST_02270,small_business,EU,basic,2022-07-11
CUST_02271,enterprise,APAC,basic,2021-10-13
CUST_02272,government,NA,enterprise,2022-02-01
CUST_02273,enterprise,APAC,basic,2022-04-13
CUST_02274,small_business,MEA,premium,2021-02-19
CUST_02275,individual,EU,premium,2022-10-01
CUST_02276,enterprise,NA,basic,2021-05-22
CUST_02277,enterprise,EU,standard,2021-12-11
CUST_02278,enterprise,APAC,premium,2021-03-03
CUST_02279,small_business,EU,premium,2020-09-26
CUST_02280,individual,NA,basic,2022-09-09
CUST_02281,individual,APAC,enterprise,2020-11-30
CUST_02282,government,EU,basic,2022-02-15
CUST_02283,government,EU,basic,2022-10-30
CUST_02284,small_business,NA,standard,2021-10-25
CUST_02285,individual,EU,premium,2020-10-08
CUST_02286,individual,APAC,standard,2022-09-14
CUST_02287,individual,EU,standard,2022-08-06
CUST_02288,enterprise,NA,basic,2021-02-04
CUST_02289,small_business,EU,basic,2021-02-19
CUST_02290,enterprise,APAC,basic,2022-02-08
CUST_02291,individual,MEA,basic,2020-08-16
CUST_02292,small_business,EU,premium,2021-08-13
CUST_02293,individual,MEA,basic,2020-09-24
CUST_02294,individual,APAC,basic,2020-12-12
CUST_02295,government,NA,premium,2020-07-29
CUST_02296,enterprise,LATAM,premium,2022-03-01
CUST_02297,government,APAC,premium,2022-12-10
CUST_02298,small_business,NA,premium,2022-01-10
CUST_02299,enterprise,EU,standard,2022-03-18
CUST_02300,individual,LATAM,premium,2021-06-19
CUST_02301,individual,NA,premium,2021-05-17
CUST_02302,enterprise,NA,enterprise,2022-02-24
CUST_02303,small_business,NA,basic,2021-01-19
CUST_02304,small_business,LATAM,basic,2020-09-30
CUST_02305,small_business,APAC,basic,2020-12-19
CUST_02306,enterprise,NA,premium,2020-08-05
CUST_02307,individual,MEA,standard,2020-08-23
CUST_02308,individual,NA,standard,2021-09-03
CUST_02309,individual,NA,enterprise,2021-03-07
CUST_02310,individual,EU,basic,2020-12-23
CUST_02311,individual,NA,basic,2021-08-19
CUST_02312,individual,EU,basic,2020-11-29
CUST_02313,individual,APAC,premium,2021-02-26
CUST_02314,individual,EU,premium,2021-12-06
CUST_02315,individual,APAC,standard,2022-09-01
CUST_02316,individual,NA,standard,2021-07-29
CUST_02317,individual,EU,enterprise,2021-08-28
CUST_02318,individual,APAC,premium,2022-06-30
CUST_02319,individual,MEA,premium,2022-03-02
CUST_02320,small_business,NA,basic,2020-08-02
CUST_02321,enterprise,NA,premium,2022-12-12
CUST_02322,individual,APAC,premium,2021-07-08
CUST_02323,small_business,EU,standard,2021-01-01
CUST_02324,enterprise,APAC,premium,2022-06-03
CUST_02325,government,LATAM,basic,2021-04-28
CUST_02326,small_business,NA,standard,2022-02-14
CUST_02327,individual,NA,basic,2022-07-20
CUST_02328,individual,NA,premium,2022-10-07
CUST_02329,government,EU,standard,2021-06-23
CUST_02330,individual,MEA,premium,2022-04-22
CUST_02331,individual,LATAM,standard,2020-10-22
CUST_02332,individual,EU,basic,2021-08-17
CUST_02333,small_business,EU,enterprise,2022-01-06
CUST_02334,small_business,EU,premium,2021-02-22
CUST_02335,enterprise,NA,basic,2022-03-01
CUST_02336,enterprise,NA,basic,2021-06-15
CUST_02337,individual,EU,basic,2021-04-04
CUST_02338,individual,EU,basic,2021-03-07
CUST_02339,enterprise,EU,basic,2022-04-16
CUST_02340,small_business,LATAM,basic,2022-06-07
CUST_02341,individual,APAC,enterprise,2021-01-18
CUST_02342,small_business,APAC,standard,2021-03-09
CUST_02343,enterprise,EU,standard,2022-07-28
CUST_02344,individual,APAC,standard,2021-04-23
CUST_02345,individual,NA,standard,2021-01-31
CUST_02346,small_business,NA,standard,2021-12-26
CUST_02347,enterprise,APAC,basic,2020-10-06
CUST_02348,individual,NA,standard,2022-05-19
CUST_02349,individual,NA,enterprise,2022-07-06
CUST_02350,small_business,LATAM,standard,2020-09-27
CUST_02351,small_business,EU,premium,2020-07-29
CUST_02352,individual,NA,basic,2022-11-13
CUST_02353,individual,LATAM,standard,2022-01-13
CUST_02354,enterprise,APAC,premium,2021-06-16
CUST_02355,small_business,APAC,standard,2022-08-24
CUST_02356,individual,APAC,premium,2021-02-27
CUST_02357,individual,EU,premium,2022-11-08
CUST_02358,enterprise,APAC,standard,2020-10-27
CUST_02359,individual,EU,premium,2022-06-28
CUST_02360,individual,EU,standard,2022-03-14
CUST_02361,individual,EU,enterprise,2020-09-20
CUST_02362,individual,APAC,basic,2022-02-23
CUST_02363,individual,NA,basic,2022-10-12
CUST_02364,individual,NA,basic,2021-05-22
CUST_02365,individual,APAC,standard,2021-08-15
CUST_02366,enterprise,NA,enterprise,2021-02-07
CUST_02367,small_business,APAC,standard,2021-07-23
CUST_02368,small_business,APAC,standard,2022-08-27
CUST_02369,individual,EU,enterprise,2020-11-29
CUST_02370,individual,EU,standard,2022-01-13
CUST_02371,individual,APAC,enterprise,2020-09-10
CUST_02372,government,LATAM,premium,2022-11-19
CUST_02373,small_business,MEA,premium,2020-11-10
CUST_02374,small_business,NA,basic,2020-08-25
CUST_02375,individual,EU,basic,2021-08-12
CUST_02376,individual,EU,basic,2021-02-05
CUST_02377,individual,EU,premium,2022-09-03
CUST_02378,individual,EU,basic,2022-12-30
CUST_02379,small_business,EU,basic,2022-02-23
CUST_02380,enterprise,MEA,standard,2022-11-26
CUST_02381,government,LATAM,premium,2022-11-04
CUST_02382,individual,EU,standard,2022-01-04
CUST_02383,individual,NA,premium,2021-11-16
CUST_02384,individual,NA,standard,2022-10-07
CUST_02385,small_business,LATAM,standard,2021-08-20
CUST_02386,individual,APAC,basic,2021-09-07
CUST_02387,individual,NA,standard,2022-06-29
CUST_02388,small_business,NA,enterprise,2021-02-28
CUST_02389,enterprise,NA,standard,2021-10-14
CUST_02390,individual,LATAM,premium,2022-09-10
CUST_02391,individual,NA,standard,2020-12-01
CUST_02392,individual,NA,premium,2021-08-29
CUST_02393,government,MEA,basic,2021-08-19
CUST_02394,small_business,APAC,premium,2022-02-03
CUST_02395,enterprise,APAC,standard,2020-12-19
CUST_02396,enterprise,APAC,standard,2022-09-11
CUST_02397,government,APAC,basic,2022-01-14
CUST_02398,small_business,APAC,basic,2021-02-06
CUST_02399,enterprise,EU,standard,2022-12-24
CUST_02400,individual,NA,standard,2020-11-13
CUST_02401,individual,EU,premium,2022-06-24
CUST_02402,individual,APAC,premium,2021-01-14
CUST_02403,individual,APAC,basic,2021-01-08
CUST_02404,enterprise,NA,premium,2021-04-16
CUST_02405,individual,MEA,standard,2021-03-23
CUST_02406,individual,NA,standard,2022-03-27
CUST_02407,government,LATAM,standard,2021-04-10
CUST_02408,individual,LATAM,standard,2021-07-13
CUST_02409,individual,APAC,basic,2022-01-22
CUST_02410,individual,NA,standard,2022-11-10
CUST_02411,individual,NA,basic,2022-01-07
CUST_02412,small_business,NA,premium,2022-06-29
CUST_02413,individual,NA,premium,2022-05-29
CUST_02414,individual,NA,standard,2021-10-17
CUST_02415,individual,LATAM,standard,2022-02-24
CUST_02416,individual,APAC,premium,2020-11-04
CUST_02417,enterprise,NA,premium,2021-12-27
CUST_02418,small_business,EU,standard,2022-05-03
CUST_02419,small_business,NA,standard,2022-09-15
CUST_02420,individual,APAC,basic,2021-05-11
CUST_02421,government,LATAM,premium,2022-06-18
CUST_02422,small_business,LATAM,basic,2021-06-21
CUST_02423,small_business,NA,standard,2020-11-13
CUST_02424,individual,APAC,basic,2022-06-19
CUST_02425,individual,APAC,premium,2020-11-15
CUST_02426,enterprise,LATAM,enterprise,2021-12-23
CUST_02427,individual,APAC,enterprise,2022-10-24
CUST_02428,small_business,EU,enterprise,2020-10-14
CUST_02429,individual,EU,premium,2022-08-22
CUST_02430,individual,MEA,basic,2021-01-21
CUST_02431,individual,APAC,standard,2021-07-05
CUST_02432,enterprise,MEA,basic,2020-11-24
CUST_02433,small_business,EU,standard,2021-04-20
CUST_02434,individual,NA,basic,2022-05-23
CUST_02435,small_business,NA,enterprise,2021-07-25
CUST_02436,small_business,APAC,standard,2022-02-25
CUST_02437,enterprise,NA,basic,2022-09-02
CUST_02438,individual,NA,basic,2022-11-22
CUST_02439,small_business,LATAM,basic,2022-08-18
CUST_02440,individual,APAC,standard,2022-04-22
CUST_02441,government,NA,basic,2021-03-08
CUST_02442,individual,EU,standard,2022-10-08
CUST_02443,government,LATAM,basic,2022-08-18
CUST_02444,individual,EU,standard,2022-11-04
CUST_02445,small_business,NA,standard,2020-12-14
CUST_02446,government,NA,enterprise,2021-06-30
CUST_02447,small_business,LATAM,enterprise,2021-05-14
CUST_02448,individual,APAC,standard,2021-03-03
CUST_02449,individual,EU,standard,2022-06-04
CUST_02450,enterprise,NA,basic,2021-05-16
CUST_02451,small_business,LATAM,standard,2021-10-02
CUST_02452,individual,APAC,standard,2021-08-29
CUST_02453,individual,NA,basic,2020-08-01
CUST_02454,individual,EU,enterprise,2022-07-01
CUST_02455,small_business,NA,basic,2022-07-04
CUST_02456,enterprise,APAC,basic,2022-08-08
CUST_02457,individual,NA,enterprise,2021-11-15
CUST_02458,individual,EU,premium,2020-09-26
CUST_02459,individual,NA,standard,2022-09-11
CUST_02460,enterprise,APAC,standard,2022-11-18
CUST_02461,individual,APAC,basic,2021-03-30
CUST_02462,small_business,APAC,basic,2020-10-13
CUST_02463,individual,APAC,standard,2021-01-07
CUST_02464,individual,NA,premium,2021-10-04
CUST_02465,enterprise,NA,standard,2022-04-27
CUST_02466,individual,APAC,standard,2022-08-28
CUST_02467,individual,NA,standard,2022-09-18
CUST_02468,small_business,APAC,basic,2022-05-17
CUST_02469,individual,EU,basic,2021-03-01
CUST_02470,individual,LATAM,premium,2021-01-28
CUST_02471,enterprise,APAC,basic,2022-07-12
CUST_02472,government,NA,enterprise,2022-03-19
CUST_02473,individual,EU,basic,2022-10-07
CUST_02474,enterprise,EU,basic,2021-07-07
CUST_02475,individual,NA,standard,2021-02-17
CUST_02476,small_business,EU,basic,2020-07-19
CUST_02477,individual,LATAM,premium,2022-04-05
CUST_02478,enterprise,APAC,basic,2022-12-30
CUST_02479,enterprise,MEA,premium,2022-08-04
CUST_02480,individual,EU,premium,2020-10-19
CUST_02481,government,APAC,basic,2021-10-21
CUST_02482,government,NA,basic,2022-08-24
CUST_02483,individual,EU,standard,2021-10-24
CUST_02484,small_business,MEA,standard,2021-03-21
CUST_02485,individual,APAC,premium,2022-04-25
CUST_02486,individual,EU,standard,2021-08-15
CUST_02487,small_business,APAC,standard,2021-05-17
CUST_02488,small_business,EU,premium,2020-09-23
CUST_02489,small_business,APAC,basic,2022-12-30
CUST_02490,individual,LATAM,standard,2021-09-03
CUST_02491,government,LATAM,basic,2022-01-09
CUST_02492,individual,APAC,premium,2022-08-12
CUST_02493,individual,NA,premium,2021-10-27
CUST_02494,individual,APAC,basic,2022-08-13
CUST_02495,individual,APAC,basic,2020-12-12
CUST_02496,individual,MEA,standard,2021-01-13
CUST_02497,individual,EU,standard,2021-05-03
CUST_02498,enterprise,NA,standard,2022-10-13
CUST_02499,individual,NA,premium,2021-11-01
CUST_02500,individual,NA,premium,2020-11-26
CUST_02501,small_business,LATAM,standard,2020-12-23
CUST_02502,individual,APAC,premium,2022-03-14
CUST_02503,individual,NA,standard,2021-04-23
CUST_02504,enterprise,EU,basic,2020-09-01
CUST_02505,individual,LATAM,standard,2021-01-03
CUST_02506,enterprise,LATAM,standard,2021-01-05
CUST_02507,individual,LATAM,basic,2022-09-29
CUST_02508,small_business,MEA,basic,2022-05-30
CUST_02509,individual,NA,standard,2020-09-11
CUST_02510,small_business,EU,premium,2020-09-17
CUST_02511,small_business,EU,premium,2021-11-13
CUST_02512,enterprise,NA,premium,2021-03-10
CUST_02513,individual,NA,basic,2021-12-26
CUST_02514,small_business,APAC,basic,2022-03-19
CUST_02515,individual,NA,basic,2022-12-21
CUST_02516,enterprise,NA,standard,2021-03-19
CUST_02517,enterprise,NA,basic,2021-05-28
CUST_02518,small_business,EU,premium,2022-11-16
CUST_02519,individual,NA,standard,2022-01-01
CUST_02520,enterprise,MEA,standard,2022-02-13
CUST_02521,enterprise,APAC,enterprise,2021-01-12
CUST_02522,small_business,NA,premium,2021-08-04
CUST_02523,individual,APAC,basic,2021-05-10
CUST_02524,enterprise,EU,premium,2022-11-24
CUST_02525,individual,NA,standard,2021-04-01
CUST_02526,individual,APAC,premium,2020-09-27
CUST_02527,small_business,NA,premium,2021-08-06
CUST_02528,small_business,APAC,premium,2020-11-05
CUST_02529,individual,APAC,standard,2021-12-29
CUST_02530,small_business,LATAM,basic,2021-01-02
CUST_02531,enterprise,EU,basic,2021-04-16
CUST_02532,small_business,MEA,standard,2021-08-10
CUST_02533,individual,NA,premium,2022-02-19
CUST_02534,small_business,MEA,premium,2022-10-04
CUST_02535,small_business,EU,basic,2022-03-05
CUST_02536,individual,NA,standard,2022-10-02
CUST_02537,individual,APAC,standard,2021-09-04
CUST_02538,government,APAC,standard,2022-08-11
CUST_02539,government,MEA,standard,2021-12-25
CUST_02540,enterprise,EU,premium,2021-02-04
CUST_02541,individual,EU,premium,2022-02-14
CUST_02542,individual,APAC,standard,2022-04-07
CUST_02543,enterprise,MEA,basic,2021-03-13
CUST_02544,individual,APAC,premium,2021-06-06
CUST_02545,individual,LATAM,basic,2022-07-23
CUST_02546,small_business,LATAM,basic,2020-07-20
CUST_02547,small_business,NA,standard,2021-03-15
CUST_02548,small_business,APAC,basic,2022-07-01
CUST_02549,small_business,LATAM,enterprise,2020-11-06
CUST_02550,individual,EU,basic,2022-01-16
CUST_02551,government,EU,premium,2021-09-01
CUST_02552,individual,EU,standard,2021-09-07
CUST_02553,individual,NA,standard,2021-04-26
CUST_02554,enterprise,NA,premium,2020-10-15
CUST_02555,individual,EU,basic,2020-07-27
CUST_02556,individual,APAC,standard,2022-04-18
CUST_02557,small_business,NA,basic,2021-11-13
CUST_02558,individual,LATAM,standard,2021-10-29
CUST_02559,small_business,APAC,basic,2020-09-03
CUST_02560,individual,LATAM,standard,2020-11-21
CUST_02561,individual,NA,enterprise,2021-08-26
CUST_02562,small_business,APAC,basic,2021-01-18
CUST_02563,individual,LATAM,standard,2020-09-11
CUST_02564,individual,APAC,standard,2022-10-14
CUST_02565,small_business,EU,basic,2021-02-20
CUST_02566,government,LATAM,premium,2020-12-08
CUST_02567,small_business,NA,premium,2022-08-03
CUST_02568,small_business,NA,premium,2021-02-10
CUST_02569,individual,EU,basic,2021-09-27
CUST_02570,government,LATAM,standard,2021-03-18
CUST_02571,government,NA,basic,2022-06-23
CUST_02572,individual,EU,basic,2021-12-11
CUST_02573,individual,NA,basic,2021-02-05
CUST_02574,small_business,NA,premium,2022-12-16
CUST_02575,individual,NA,premium,2022-08-27
CUST_02576,small_business,APAC,standard,2021-11-07
CUST_02577,individual,APAC,standard,2020-11-09
CUST_02578,individual,LATAM,standard,2021-12-15
CUST_02579,individual,EU,standard,2021-12-07
CUST_02580,individual,APAC,premium,2021-03-23
CUST_02581,individual,EU,enterprise,2020-08-07
CUST_02582,individual,NA,premium,2022-10-02
CUST_02583,small_business,EU,standard,2021-08-11
CUST_02584,small_business,EU,standard,2021-03-24
CUST_02585,individual,EU,basic,2022-03-11
CUST_02586,enterprise,NA,premium,2021-06-16
CUST_02587,individual,NA,standard,2022-08-27
CUST_02588,individual,APAC,standard,2020-09-13
CUST_02589,small_business,APAC,standard,2021-12-14
CUST_02590,enterprise,EU,basic,2021-02-26
CUST_02591,individual,APAC,premium,2021-11-03
CUST_02592,small_business,NA,enterprise,2022-11-29
CUST_02593,individual,NA,standard,2020-09-17
CUST_02594,small_business,APAC,standard,2022-07-11
CUST_02595,government,MEA,basic,2021-11-27
CUST_02596,individual,APAC,premium,2020-10-03
CUST_02597,government,EU,enterprise,2021-11-28
CUST_02598,government,NA,enterprise,2021-07-21
CUST_02599,individual,NA,premium,2022-08-25
CUST_02600,small_business,APAC,premium,2020-08-21
CUST_02601,enterprise,LATAM,premium,2022-07-23
CUST_02602,government,NA,basic,2021-10-11
CUST_02603,individual,APAC,basic,2021-04-09
CUST_02604,small_business,LATAM,basic,2021-12-06
CUST_02605,individual,APAC,enterprise,2021-03-23
CUST_02606,small_business,EU,basic,2022-05-19
CUST_02607,individual,EU,basic,2020-10-25
CUST_02608,enterprise,EU,basic,2022-11-10
CUST_02609,individual,LATAM,standard,2021-03-19
CUST_02610,government,LATAM,basic,2021-05-01
CUST_02611,individual,NA,basic,2022-07-01
CUST_02612,individual,EU,standard,2020-08-26
CUST_02613,individual,NA,premium,2021-11-04
CUST_02614,individual,MEA,basic,2021-01-28
CUST_02615,individual,LATAM,standard,2021-09-27
CUST_02616,enterprise,NA,basic,2022-07-03
CUST_02617,small_business,APAC,premium,2022-09-03
CUST_02618,government,MEA,standard,2021-04-13
CUST_02619,small_business,NA,standard,2022-04-16
CUST_02620,enterprise,NA,basic,2022-12-09
CUST_02621,small_business,APAC,basic,2021-12-24
CUST_02622,individual,NA,standard,2022-05-21
CUST_02623,individual,APAC,basic,2022-03-27
CUST_02624,small_business,MEA,standard,2021-06-16
CUST_02625,small_business,EU,premium,2021-10-12
CUST_02626,small_business,EU,basic,2022-07-08
CUST_02627,individual,APAC,premium,2021-11-25
CUST_02628,individual,APAC,standard,2022-07-16
CUST_02629,enterprise,MEA,standard,2021-10-02
CUST_02630,individual,APAC,premium,2021-04-04
CUST_02631,individual,EU,basic,2022-01-05
CUST_02632,individual,APAC,basic,2022-07-14
CUST_02633,enterprise,MEA,basic,2021-11-08
CUST_02634,individual,APAC,standard,2021-07-07
CUST_02635,individual,NA,basic,2022-02-05
CUST_02636,individual,NA,basic,2022-05-26
CUST_02637,small_business,EU,premium,2022-08-29
CUST_02638,individual,APAC,premium,2022-05-28
CUST_02639,small_business,APAC,premium,2021-06-05
CUST_02640,individual,NA,basic,2022-05-24
CUST_02641,individual,NA,standard,2020-09-27
CUST_02642,enterprise,NA,premium,2021-10-27
CUST_02643,small_business,EU,premium,2022-06-13
CUST_02644,individual,APAC,standard,2022-03-26
CUST_02645,individual,NA,basic,2022-02-01
CUST_02646,small_business,NA,basic,2022-12-14
CUST_02647,small_business,LATAM,enterprise,2021-09-16
CUST_02648,individual,APAC,standard,2021-07-04
CUST_02649,enterprise,NA,standard,2022-10-22
CUST_02650,small_business,APAC,standard,2022-02-27
CUST_02651,individual,APAC,standard,2021-06-11
CUST_02652,enterprise,EU,basic,2022-03-02
CUST_02653,small_business,EU,premium,2022-08-30
CUST_02654,enterprise,LATAM,basic,2022-05-17
CUST_02655,individual,NA,basic,2022-02-05
CUST_02656,enterprise,APAC,basic,2022-10-03
CUST_02657,individual,LATAM,standard,2021-06-30
CUST_02658,government,LATAM,premium,2022-04-11
CUST_02659,enterprise,NA,basic,2022-02-24
CUST_02660,individual,NA,standard,2020-09-22
CUST_02661,individual,APAC,enterprise,2021-05-14
CUST_02662,small_business,NA,premium,2020-11-21
CUST_02663,small_business,LATAM,premium,2021-03-20
CUST_02664,individual,NA,standard,2021-05-20
CUST_02665,small_business,EU,basic,2020-11-01
CUST_02666,small_business,NA,basic,2022-03-04
CUST_02667,small_business,EU,premium,2022-04-28
CUST_02668,small_business,APAC,basic,2022-10-14
CUST_02669,individual,EU,basic,2021-02-14
CUST_02670,individual,APAC,basic,2022-09-16
CUST_02671,individual,APAC,premium,2021-07-24
CUST_02672,enterprise,APAC,standard,2021-09-24
CUST_02673,small_business,APAC,basic,2022-08-21
CUST_02674,individual,EU,enterprise,2020-07-27
CUST_02675,small_business,NA,standard,2022-10-23
CUST_02676,individual,NA,standard,2020-07-25
CUST_02677,small_business,NA,standard,2022-09-14
CUST_02678,small_business,NA,premium,2022-06-24
CUST_02679,individual,EU,standard,2022-01-06
CUST_02680,individual,LATAM,basic,2021-10-17
CUST_02681,individual,EU,standard,2022-01-25
CUST_02682,individual,NA,basic,2021-03-08
CUST_02683,individual,LATAM,basic,2022-06-22
CUST_02684,individual,EU,standard,2021-08-14
CUST_02685,small_business,NA,basic,2022-04-22
CUST_02686,government,NA,basic,2022-11-26
CUST_02687,small_business,NA,standard,2022-03-25
CUST_02688,individual,EU,premium,2021-11-26
CUST_02689,individual,NA,premium,2021-01-23
CUST_02690,individual,NA,premium,2022-01-11
CUST_02691,small_business,APAC,basic,2022-12-29
CUST_02692,individual,EU,premium,2021-08-31
CUST_02693,small_business,LATAM,premium,2022-07-11
CUST_02694,individual,NA,basic,2021-09-22
CUST_02695,individual,NA,standard,2022-01-24
CUST_02696,individual,MEA,premium,2022-07-11
CUST_02697,small_business,LATAM,standard,2021-09-03
CUST_02698,small_business,EU,basic,2022-09-11
CUST_02699,individual,NA,premium,2022-03-10
CUST_02700,enterprise,EU,basic,2022-08-04
CUST_02701,enterprise,NA,premium,2022-01-23
CUST_02702,small_business,APAC,enterprise,2022-04-13
CUST_02703,small_business,NA,standard,2020-09-06
CUST_02704,individual,APAC,premium,2020-10-30
CUST_02705,small_business,LATAM,premium,2021-08-24
CUST_02706,individual,APAC,premium,2022-12-11
CUST_02707,individual,EU,basic,2022-08-09
CUST_02708,individual,NA,standard,2021-01-19
CUST_02709,government,EU,premium,2022-06-17
CUST_02710,enterprise,EU,basic,2022-03-27
CUST_02711,enterprise,APAC,premium,2021-09-28
CUST_02712,government,LATAM,basic,2021-02-05
CUST_02713,individual,NA,standard,2022-03-25
CUST_02714,individual,NA,standard,2022-01-15
CUST_02715,enterprise,NA,premium,2021-05-31
CUST_02716,government,APAC,basic,2022-12-24
CUST_02717,small_business,APAC,standard,2022-08-01
CUST_02718,small_business,NA,standard,2022-07-19
CUST_02719,individual,NA,premium,2022-12-17
CUST_02720,small_business,NA,premium,2022-08-28
CUST_02721,individual,NA,standard,2021-02-24
CUST_02722,enterprise,NA,basic,2020-07-16
CUST_02723,individual,LATAM,premium,2020-11-05
CUST_02724,small_business,MEA,premium,2022-08-08
CUST_02725,government,NA,standard,2022-10-11
CUST_02726,individual,NA,enterprise,2022-04-22
CUST_02727,enterprise,APAC,standard,2022-09-23
CUST_02728,enterprise,LATAM,standard,2022-07-08
CUST_02729,small_business,APAC,standard,2021-05-19
CUST_02730,individual,APAC,basic,2021-11-01
CUST_02731,small_business,NA,basic,2021-05-31
CUST_02732,enterprise,EU,basic,2020-10-22
CUST_02733,enterprise,EU,basic,2021-10-06
CUST_02734,small_business,EU,premium,2021-12-31
CUST_02735,small_business,EU,standard,2021-11-07
CUST_02736,small_business,LATAM,basic,2020-11-07
CUST_02737,individual,APAC,standard,2022-02-26
CUST_02738,enterprise,EU,standard,2021-04-06
CUST_02739,small_business,EU,basic,2020-11-19
CUST_02740,enterprise,NA,premium,2021-09-15
CUST_02741,enterprise,LATAM,standard,2022-11-07
CUST_02742,individual,NA,enterprise,2022-09-14
CUST_02743,individual,NA,basic,2021-08-26
CUST_02744,small_business,LATAM,basic,2021-05-13
CUST_02745,small_business,APAC,basic,2022-06-06
CUST_02746,small_business,EU,enterprise,2022-08-15
CUST_02747,individual,APAC,premium,2022-02-27
CUST_02748,small_business,APAC,enterprise,2020-09-29
CUST_02749,small_business,APAC,basic,2023-01-01
CUST_02750,individual,LATAM,standard,2022-04-23
CUST_02751,individual,EU,premium,2021-10-04
CUST_02752,individual,LATAM,basic,2021-08-24
CUST_02753,government,APAC,premium,2021-06-21
CUST_02754,individual,EU,standard,2021-02-27
CUST_02755,small_business,EU,standard,2022-06-26
CUST_02756,individual,APAC,basic,2021-07-27
CUST_02757,small_business,EU,standard,2022-03-11
CUST_02758,individual,NA,standard,2021-12-21
CUST_02759,small_business,EU,premium,2022-09-14
CUST_02760,small_business,APAC,basic,2022-03-17
CUST_02761,small_business,EU,basic,2022-02-25
CUST_02762,individual,APAC,premium,2021-10-03
CUST_02763,individual,LATAM,enterprise,2021-09-09
CUST_02764,enterprise,EU,basic,2022-07-23
CUST_02765,individual,LATAM,standard,2022-01-09
CUST_02766,enterprise,EU,standard,2022-07-07
CUST_02767,small_business,EU,premium,2022-01-19
CUST_02768,small_business,LATAM,basic,2020-10-20
CUST_02769,enterprise,NA,standard,2020-08-25
CUST_02770,small_business,EU,standard,2021-02-26
CUST_02771,individual,APAC,standard,2021-02-26
CUST_02772,small_business,NA,standard,2021-05-17
CUST_02773,individual,EU,standard,2022-11-16
CUST_02774,individual,APAC,basic,2021-02-19
CUST_02775,individual,LATAM,standard,2020-11-14
CUST_02776,individual,APAC,enterprise,2020-10-09
CUST_02777,individual,LATAM,basic,2021-12-04
CUST_02778,enterprise,EU,basic,2021-04-15
CUST_02779,individual,NA,premium,2021-10-06
CUST_02780,enterprise,EU,premium,2022-07-07
CUST_02781,individual,APAC,standard,2021-03-20
CUST_02782,small_business,NA,basic,2021-10-10
CUST_02783,small_business,NA,premium,2021-10-14
CUST_02784,enterprise,APAC,basic,2021-05-15
CUST_02785,individual,MEA,basic,2022-11-28
CUST_02786,enterprise,LATAM,standard,2021-11-10
CUST_02787,small_business,LATAM,standard,2021-02-02
CUST_02788,small_business,LATAM,standard,2021-08-11
CUST_02789,individual,NA,premium,2021-08-07
CUST_02790,individual,EU,standard,2022-08-13
CUST_02791,enterprise,EU,standard,2020-07-21
CUST_02792,individual,NA,premium,2022-03-02
CUST_02793,individual,EU,basic,2021-06-27
CUST_02794,individual,NA,enterprise,2020-09-05
CUST_02795,individual,APAC,basic,2020-07-23
CUST_02796,individual,NA,standard,2022-04-29
CUST_02797,enterprise,LATAM,standard,2021-11-19
CUST_02798,small_business,EU,premium,2021-05-15
CUST_02799,small_business,LATAM,basic,2022-12-02
CUST_02800,individual,EU,basic,2020-11-09
CUST_02801,individual,NA,premium,2022-01-29
CUST_02802,enterprise,APAC,premium,2022-05-05
CUST_02803,small_business,APAC,standard,2021-04-17
CUST_02804,small_business,APAC,basic,2022-10-21
CUST_02805,government,EU,standard,2022-10-11
CUST_02806,enterprise,EU,basic,2020-12-22
CUST_02807,individual,NA,standard,2021-03-07
CUST_02808,individual,EU,premium,2020-07-18
CUST_02809,government,NA,basic,2020-10-31
CUST_02810,enterprise,NA,standard,2021-12-09
CUST_02811,small_business,APAC,standard,2022-11-09
CUST_02812,individual,EU,basic,2021-01-13
CUST_02813,individual,NA,standard,2021-04-11
CUST_02814,government,EU,basic,2021-10-11
CUST_02815,enterprise,NA,basic,2022-12-22
CUST_02816,individual,APAC,premium,2020-10-11
CUST_02817,small_business,NA,premium,2020-07-21
CUST_02818,small_business,APAC,basic,2022-08-25
CUST_02819,individual,NA,standard,2021-04-25
CUST_02820,small_business,NA,basic,2021-04-21
CUST_02821,individual,APAC,premium,2022-10-15
CUST_02822,individual,EU,standard,2020-12-10
CUST_02823,enterprise,LATAM,premium,2021-10-04
CUST_02824,small_business,LATAM,premium,2022-03-08
CUST_02825,enterprise,NA,premium,2022-02-09
CUST_02826,small_business,EU,basic,2021-11-07
CUST_02827,small_business,EU,basic,2022-06-07
CUST_02828,enterprise,APAC,standard,2022-02-23
CUST_02829,small_business,NA,standard,2020-09-18
CUST_02830,enterprise,NA,basic,2021-10-08
CUST_02831,small_business,EU,basic,2021-08-09
CUST_02832,enterprise,NA,standard,2022-02-28
CUST_02833,enterprise,NA,basic,2021-04-17
CUST_02834,individual,NA,standard,2021-10-04
CUST_02835,individual,NA,basic,2021-10-17
CUST_02836,small_business,APAC,basic,2020-11-11
CUST_02837,individual,NA,standard,2022-01-22
CUST_02838,enterprise,LATAM,premium,2021-05-06
CUST_02839,individual,NA,premium,2021-04-05
CUST_02840,individual,EU,premium,2020-12-09
CUST_02841,enterprise,APAC,standard,2020-12-24
CUST_02842,government,NA,enterprise,2021-07-03
CUST_02843,small_business,EU,standard,2021-07-19
CUST_02844,individual,MEA,standard,2022-05-03
CUST_02845,individual,NA,premium,2022-03-27
CUST_02846,individual,NA,standard,2022-01-21
CUST_02847,small_business,NA,basic,2022-04-01
CUST_02848,small_business,APAC,premium,2021-04-19
CUST_02849,individual,NA,premium,2020-08-28
CUST_02850,individual,NA,standard,2021-10-08
CUST_02851,individual,NA,standard,2021-03-19
CUST_02852,enterprise,NA,basic,2022-10-12
CUST_02853,individual,EU,standard,2022-10-28
CUST_02854,individual,NA,premium,2022-04-11
CUST_02855,enterprise,NA,standard,2022-08-04
CUST_02856,enterprise,APAC,basic,2021-03-02
CUST_02857,individual,APAC,premium,2021-05-18
CUST_02858,individual,EU,basic,2020-12-31
CUST_02859,government,MEA,basic,2020-08-19
CUST_02860,enterprise,EU,premium,2021-04-27
CUST_02861,individual,NA,standard,2022-09-08
CUST_02862,small_business,NA,standard,2021-12-17
CUST_02863,enterprise,APAC,basic,2021-10-22
CUST_02864,enterprise,NA,standard,2020-10-16
CUST_02865,individual,MEA,premium,2021-12-14
CUST_02866,small_business,MEA,standard,2022-07-21
CUST_02867,individual,NA,basic,2021-05-06
CUST_02868,individual,EU,premium,2021-07-27
CUST_02869,small_business,APAC,premium,2021-01-02
CUST_02870,individual,NA,premium,2022-11-29
CUST_02871,small_business,NA,premium,2021-03-08
CUST_02872,individual,NA,enterprise,2022-05-17
CUST_02873,small_business,MEA,standard,2020-12-11
CUST_02874,individual,APAC,premium,2021-07-10
CUST_02875,enterprise,EU,premium,2021-07-18
CUST_02876,individual,NA,premium,2022-03-07
CUST_02877,enterprise,NA,premium,2021-12-27
CUST_02878,individual,NA,enterprise,2021-01-22
CUST_02879,individual,APAC,premium,2021-12-27
CUST_02880,individual,EU,basic,2021-12-27
CUST_02881,small_business,EU,standard,2021-10-30
CUST_02882,individual,APAC,enterprise,2021-06-30
CUST_02883,individual,LATAM,premium,2021-02-19
CUST_02884,individual,NA,basic,2022-02-14
CUST_02885,individual,EU,standard,2022-08-03
CUST_02886,small_business,APAC,premium,2022-07-01
CUST_02887,enterprise,NA,basic,2022-04-07
CUST_02888,enterprise,APAC,standard,2022-09-20
CUST_02889,individual,NA,standard,2021-01-25
CUST_02890,individual,NA,standard,2021-07-08
CUST_02891,enterprise,LATAM,standard,2021-11-16
CUST_02892,small_business,NA,basic,2022-01-22
CUST_02893,enterprise,LATAM,standard,2021-04-10
CUST_02894,individual,APAC,basic,2022-01-03
CUST_02895,government,LATAM,standard,2020-12-04
CUST_02896,enterprise,NA,standard,2022-08-17
CUST_02897,small_business,APAC,standard,2020-09-14
CUST_02898,government,NA,premium,2021-05-04
CUST_02899,small_business,APAC,standard,2022-02-07
CUST_02900,individual,EU,standard,2020-11-01
CUST_02901,individual,NA,standard,2021-06-03
CUST_02902,small_business,EU,standard,2021-10-22
CUST_02903,individual,EU,premium,2022-08-08
CUST_02904,individual,LATAM,premium,2020-12-14
CUST_02905,individual,EU,standard,2021-04-11
CUST_02906,individual,NA,basic,2022-03-13
CUST_02907,individual,EU,premium,2022-03-12
CUST_02908,government,NA,standard,2022-09-15
CUST_02909,enterprise,APAC,basic,2022-06-04
CUST_02910,small_business,EU,basic,2021-04-29
CUST_02911,enterprise,MEA,standard,2020-10-05
CUST_02912,individual,EU,premium,2021-12-19
CUST_02913,individual,LATAM,standard,2020-12-13
CUST_02914,individual,NA,standard,2022-09-11
CUST_02915,small_business,LATAM,basic,2021-10-16
CUST_02916,small_business,NA,basic,2022-03-22
CUST_02917,small_business,NA,standard,2022-10-13
CUST_02918,small_business,NA,basic,2022-07-25
CUST_02919,small_business,NA,standard,2021-07-25
CUST_02920,small_business,NA,premium,2022-11-23
CUST_02921,individual,LATAM,premium,2022-02-10
CUST_02922,individual,EU,premium,2021-03-31
CUST_02923,individual,APAC,basic,2022-08-14
CUST_02924,small_business,LATAM,basic,2022-06-15
CUST_02925,individual,NA,premium,2020-12-11
CUST_02926,small_business,NA,standard,2022-10-03
CUST_02927,government,LATAM,premium,2022-12-29
CUST_02928,individual,EU,standard,2021-01-04
CUST_02929,individual,EU,basic,2021-12-08
CUST_02930,small_business,NA,standard,2021-07-07
CUST_02931,small_business,NA,standard,2022-05-09
CUST_02932,enterprise,APAC,standard,2021-03-27
CUST_02933,individual,EU,standard,2022-09-25
CUST_02934,individual,MEA,premium,2020-11-10
CUST_02935,individual,MEA,standard,2021-02-22
CUST_02936,individual,NA,enterprise,2021-02-24
CUST_02937,individual,APAC,premium,2020-10-31
CUST_02938,enterprise,APAC,premium,2021-04-26
CUST_02939,individual,NA,basic,2021-07-31
CUST_02940,individual,LATAM,standard,2021-06-05
CUST_02941,enterprise,NA,standard,2021-11-27
CUST_02942,enterprise,EU,basic,2022-11-07
CUST_02943,individual,APAC,standard,2020-09-15
CUST_02944,individual,EU,basic,2020-07-19
CUST_02945,individual,NA,standard,2021-04-13
CUST_02946,small_business,NA,standard,2020-12-23
CUST_02947,individual,EU,premium,2022-01-25
CUST_02948,enterprise,APAC,standard,2021-03-02
CUST_02949,individual,NA,standard,2022-07-25
CUST_02950,enterprise,EU,premium,2022-03-10
CUST_02951,enterprise,LATAM,standard,2022-05-26
CUST_02952,small_business,NA,basic,2020-08-19
CUST_02953,individual,LATAM,basic,2021-11-20
CUST_02954,enterprise,NA,basic,2022-12-08
CUST_02955,individual,APAC,basic,2022-03-29
CUST_02956,small_business,APAC,standard,2021-11-17
CUST_02957,individual,APAC,basic,2022-10-07
CUST_02958,individual,EU,premium,2020-12-12
CUST_02959,individual,NA,premium,2021-04-22
CUST_02960,enterprise,NA,standard,2021-11-27
CUST_02961,individual,EU,standard,2022-02-04
CUST_02962,individual,APAC,standard,2021-09-19
CUST_02963,individual,NA,premium,2021-09-06
CUST_02964,individual,EU,basic,2021-11-11
CUST_02965,small_business,EU,enterprise,2021-07-04
CUST_02966,small_business,EU,enterprise,2020-12-17
CUST_02967,individual,EU,standard,2022-09-13
CUST_02968,small_business,EU,basic,2020-11-03
CUST_02969,individual,EU,standard,2021-03-14
CUST_02970,individual,NA,standard,2022-10-08
CUST_02971,individual,NA,premium,2021-08-18
CUST_02972,small_business,NA,standard,2020-08-26
CUST_02973,small_business,APAC,standard,2022-05-08
CUST_02974,individual,EU,standard,2020-12-04
CUST_02975,individual,NA,standard,2021-06-02
CUST_02976,small_business,LATAM,basic,2022-06-01
CUST_02977,enterprise,APAC,standard,2022-02-15
CUST_02978,government,NA,standard,2021-08-25
CUST_02979,small_business,LATAM,enterprise,2022-10-10
CUST_02980,enterprise,EU,basic,2022-08-24
CUST_02981,enterprise,NA,premium,2022-07-15
CUST_02982,individual,LATAM,basic,2021-10-24
CUST_02983,small_business,EU,standard,2022-08-11
CUST_02984,small_business,EU,standard,2022-03-04
CUST_02985,individual,MEA,premium,2021-02-08
CUST_02986,individual,NA,premium,2021-06-03
CUST_02987,small_business,NA,standard,2022-06-06
CUST_02988,enterprise,MEA,standard,2021-04-22
CUST_02989,individual,EU,enterprise,2020-11-28
CUST_02990,small_business,LATAM,basic,2021-07-14
CUST_02991,small_business,EU,standard,2022-07-02
CUST_02992,individual,NA,enterprise,2022-02-16
CUST_02993,small_business,NA,basic,2021-09-19
CUST_02994,individual,NA,standard,2022-07-25
CUST_02995,individual,APAC,premium,2022-01-13
CUST_02996,small_business,LATAM,basic,2020-09-13
CUST_02997,enterprise,EU,premium,2021-12-21
CUST_02998,small_business,EU,basic,2021-06-26
CUST_02999,small_business,NA,standard,2022-09-18
CUST_03000,small_business,NA,basic,2022-09-19
CUST_03001,individual,EU,standard,2021-12-05
CUST_03002,individual,APAC,standard,2022-03-24
CUST_03003,government,APAC,standard,2021-09-04
CUST_03004,individual,NA,basic,2022-05-25
CUST_03005,individual,APAC,basic,2022-07-17
CUST_03006,small_business,NA,basic,2022-11-09
CUST_03007,individual,APAC,standard,2021-09-05
CUST_03008,individual,EU,basic,2021-06-07
CUST_03009,individual,APAC,premium,2022-01-03
CUST_03010,individual,EU,standard,2021-04-22
CUST_03011,enterprise,MEA,enterprise,2020-08-31
CUST_03012,individual,NA,standard,2021-10-06
CUST_03013,small_business,APAC,premium,2021-06-09
CUST_03014,enterprise,APAC,basic,2020-07-29
CUST_03015,individual,EU,premium,2020-12-17
CUST_03016,individual,EU,premium,2022-06-20
CUST_03017,individual,NA,premium,2022-12-22
CUST_03018,individual,EU,basic,2021-05-11
CUST_03019,individual,NA,standard,2022-04-17
CUST_03020,small_business,NA,basic,2021-03-10
CUST_03021,individual,EU,basic,2021-01-19
CUST_03022,small_business,NA,basic,2021-05-26
CUST_03023,enterprise,LATAM,enterprise,2021-04-19
CUST_03024,small_business,EU,standard,2020-07-20
CUST_03025,small_business,EU,basic,2021-12-19
CUST_03026,individual,LATAM,basic,2020-12-09
CUST_03027,individual,LATAM,basic,2020-08-30
CUST_03028,enterprise,NA,standard,2022-10-30
CUST_03029,individual,LATAM,basic,2020-08-11
CUST_03030,individual,EU,basic,2020-08-27
CUST_03031,small_business,LATAM,premium,2022-07-12
CUST_03032,enterprise,EU,enterprise,2021-07-22
CUST_03033,individual,APAC,standard,2021-02-17
CUST_03034,small_business,NA,premium,2021-08-06
CUST_03035,individual,NA,basic,2022-11-17
CUST_03036,individual,NA,standard,2022-07-08
CUST_03037,small_business,APAC,enterprise,2022-02-17
CUST_03038,individual,EU,standard,2021-05-30
CUST_03039,enterprise,NA,enterprise,2022-10-03
CUST_03040,individual,NA,premium,2022-06-25
CUST_03041,individual,EU,basic,2022-07-12
CUST_03042,enterprise,NA,standard,2022-10-10
CUST_03043,enterprise,LATAM,standard,2021-02-03
CUST_03044,small_business,LATAM,basic,2020-11-19
CUST_03045,small_business,NA,standard,2022-03-14
CUST_03046,individual,NA,standard,2022-05-15
CUST_03047,enterprise,NA,basic,2022-03-05
CUST_03048,individual,EU,basic,2022-01-03
CUST_03049,small_business,NA,standard,2021-09-28
CUST_03050,enterprise,APAC,basic,2020-08-30
CUST_03051,small_business,NA,standard,2021-01-12
CUST_03052,individual,APAC,premium,2022-03-12
CUST_03053,individual,APAC,standard,2020-09-04
CUST_03054,small_business,NA,standard,2022-05-31
CUST_03055,individual,EU,basic,2022-09-05
CUST_03056,small_business,APAC,standard,2021-09-10
CUST_03057,small_business,EU,standard,2021-05-09
CUST_03058,enterprise,NA,basic,2021-12-30
CUST_03059,enterprise,NA,standard,2022-01-24
CUST_03060,individual,LATAM,basic,2021-12-31
CUST_03061,individual,EU,basic,2022-12-10
CUST_03062,individual,EU,standard,2021-01-20
CUST_03063,individual,EU,premium,2022-04-18
CUST_03064,small_business,EU,standard,2021-11-17
CUST_03065,individual,MEA,premium,2020-11-11
CUST_03066,government,LATAM,basic,2021-10-22
CUST_03067,enterprise,MEA,standard,2022-12-03
CUST_03068,individual,NA,standard,2021-04-30
CUST_03069,government,LATAM,basic,2021-05-30
CUST_03070,enterprise,NA,standard,2022-11-07
CUST_03071,government,NA,premium,2020-10-03
CUST_03072,individual,EU,standard,2021-02-26
CUST_03073,individual,LATAM,standard,2022-10-11
CUST_03074,individual,LATAM,standard,2020-12-21
CUST_03075,individual,APAC,premium,2021-12-14
CUST_03076,individual,NA,basic,2021-06-17
CUST_03077,small_business,APAC,enterprise,2021-02-16
CUST_03078,individual,EU,basic,2022-09-25
CUST_03079,individual,NA,enterprise,2021-11-18
CUST_03080,enterprise,LATAM,premium,2020-12-15
CUST_03081,enterprise,EU,standard,2022-01-11
CUST_03082,small_business,APAC,standard,2022-05-19
CUST_03083,enterprise,NA,basic,2021-12-27
CUST_03084,individual,APAC,standard,2020-11-23
CUST_03085,individual,NA,basic,2021-08-08
CUST_03086,individual,NA,standard,2022-01-19
CUST_03087,individual,NA,basic,2022-02-17
CUST_03088,individual,APAC,basic,2021-10-27
CUST_03089,individual,EU,standard,2022-09-15
CUST_03090,small_business,NA,premium,2022-09-20
CUST_03091,small_business,EU,premium,2022-07-21
CUST_03092,individual,EU,standard,2021-09-23
CUST_03093,individual,APAC,premium,2021-10-26
CUST_03094,enterprise,NA,basic,2021-03-23
CUST_03095,individual,APAC,enterprise,2021-08-05
CUST_03096,individual,EU,standard,2021-07-03
CUST_03097,government,NA,basic,2021-10-24
CUST_03098,small_business,EU,premium,2022-08-01
CUST_03099,individual,LATAM,premium,2022-04-12
CUST_03100,individual,APAC,premium,2021-09-23
CUST_03101,individual,EU,basic,2020-07-27
CUST_03102,small_business,EU,premium,2021-01-29
CUST_03103,individual,EU,premium,2020-11-07
CUST_03104,enterprise,EU,basic,2022-01-01
CUST_03105,individual,EU,basic,2022-11-26
CUST_03106,small_business,EU,basic,2020-12-06
CUST_03107,individual,NA,standard,2022-08-25
CUST_03108,small_business,APAC,standard,2022-03-26
CUST_03109,individual,EU,standard,2020-09-08
CUST_03110,enterprise,LATAM,premium,2021-05-29
CUST_03111,small_business,NA,standard,2022-08-04
CUST_03112,small_business,APAC,premium,2022-09-20
CUST_03113,individual,MEA,basic,2021-03-20
CUST_03114,small_business,EU,basic,2020-11-28
CUST_03115,individual,APAC,premium,2020-08-28
CUST_03116,enterprise,MEA,premium,2021-05-27
CUST_03117,individual,NA,standard,2020-08-10
CUST_03118,enterprise,APAC,basic,2021-05-24
CUST_03119,small_business,APAC,standard,2020-11-28
CUST_03120,small_business,NA,standard,2022-11-16
CUST_03121,small_business,LATAM,premium,2022-03-28
CUST_03122,individual,NA,premium,2021-02-28
CUST_03123,individual,NA,standard,2021-03-22
CUST_03124,individual,NA,basic,2022-02-03
CUST_03125,individual,EU,premium,2021-04-18
CUST_03126,enterprise,EU,standard,2022-01-30
CUST_03127,small_business,EU,standard,2022-01-15
CUST_03128,individual,NA,standard,2021-09-15
CUST_03129,enterprise,EU,standard,2022-07-11
CUST_03130,small_business,NA,basic,2020-08-12
CUST_03131,small_business,NA,standard,2022-01-13
CUST_03132,individual,APAC,standard,2022-02-24
CUST_03133,individual,NA,premium,2022-12-02
CUST_03134,individual,EU,standard,2021-06-02
CUST_03135,individual,MEA,basic,2022-03-17
CUST_03136,small_business,EU,basic,2021-06-30
CUST_03137,individual,EU,premium,2022-09-24
CUST_03138,individual,NA,basic,2022-03-11
CUST_03139,individual,NA,premium,2020-12-10
CUST_03140,government,EU,standard,2022-05-24
CUST_03141,individual,EU,standard,2021-12-26
CUST_03142,small_business,APAC,premium,2021-03-24
CUST_03143,enterprise,NA,standard,2021-11-26
CUST_03144,individual,EU,premium,2022-03-14
CUST_03145,enterprise,EU,enterprise,2022-07-04
CUST_03146,individual,NA,premium,2020-11-11
CUST_03147,small_business,NA,enterprise,2021-12-05
CUST_03148,small_business,EU,standard,2022-06-22
CUST_03149,small_business,EU,basic,2021-04-07
CUST_03150,small_business,NA,standard,2021-11-09
CUST_03151,government,NA,basic,2021-05-29
CUST_03152,small_business,APAC,enterprise,2022-12-09
CUST_03153,small_business,LATAM,premium,2021-06-15
CUST_03154,small_business,NA,enterprise,2021-09-20
CUST_03155,individual,LATAM,basic,2021-01-02
CUST_03156,enterprise,NA,basic,2022-12-01
CUST_03157,individual,EU,basic,2021-04-24
CUST_03158,individual,NA,basic,2021-09-16
CUST_03159,small_business,NA,standard,2022-01-27
CUST_03160,enterprise,LATAM,basic,2020-12-23
CUST_03161,government,NA,basic,2021-02-07
CUST_03162,individual,EU,standard,2021-12-03
CUST_03163,individual,EU,basic,2020-12-29
CUST_03164,small_business,APAC,standard,2021-07-04
CUST_03165,small_business,EU,premium,2022-11-01
CUST_03166,individual,EU,premium,2020-11-05
CUST_03167,individual,EU,enterprise,2021-03-28
CUST_03168,small_business,EU,basic,2022-08-05
CUST_03169,enterprise,APAC,standard,2020-10-13
CUST_03170,individual,NA,standard,2022-01-19
CUST_03171,individual,NA,standard,2022-04-06
CUST_03172,individual,APAC,basic,2021-01-05
CUST_03173,small_business,NA,basic,2022-03-05
CUST_03174,small_business,NA,standard,2022-04-12
CUST_03175,small_business,EU,premium,2022-08-03
CUST_03176,small_business,NA,premium,2021-06-03
CUST_03177,individual,NA,enterprise,2022-07-23
CUST_03178,small_business,NA,premium,2021-02-11
CUST_03179,individual,APAC,premium,2022-08-04
CUST_03180,small_business,LATAM,basic,2022-05-13
CUST_03181,individual,NA,standard,2021-05-13
CUST_03182,individual,EU,standard,2020-07-24
CUST_03183,government,EU,standard,2022-07-11
CUST_03184,government,APAC,standard,2021-08-06
CUST_03185,individual,EU,premium,2021-08-23
CUST_03186,small_business,LATAM,standard,2021-08-24
CUST_03187,enterprise,NA,enterprise,2022-01-16
CUST_03188,individual,NA,basic,2021-04-18
CUST_03189,enterprise,APAC,standard,2022-01-01
CUST_03190,small_business,EU,standard,2022-12-20
CUST_03191,enterprise,APAC,premium,2021-07-14
CUST_03192,enterprise,APAC,standard,2022-11-29
CUST_03193,individual,NA,standard,2022-10-25
CUST_03194,individual,MEA,premium,2021-06-30
CUST_03195,enterprise,MEA,basic,2021-05-31
CUST_03196,small_business,NA,premium,2022-06-28
CUST_03197,small_business,APAC,basic,2021-01-25
CUST_03198,small_business,NA,enterprise,2022-04-04
CUST_03199,small_business,NA,basic,2020-09-03
CUST_03200,enterprise,LATAM,basic,2022-02-25
CUST_03201,individual,NA,standard,2021-05-16
CUST_03202,small_business,NA,premium,2022-11-10
CUST_03203,individual,APAC,basic,2022-09-04
CUST_03204,individual,EU,basic,2021-05-08
CUST_03205,individual,EU,standard,2021-05-16
CUST_03206,individual,LATAM,premium,2021-10-05
CUST_03207,enterprise,NA,premium,2021-04-12
CUST_03208,enterprise,MEA,basic,2021-11-11
CUST_03209,small_business,EU,basic,2021-07-31
CUST_03210,small_business,NA,standard,2022-04-06
CUST_03211,enterprise,NA,basic,2021-06-06
CUST_03212,small_business,EU,basic,2020-11-18
CUST_03213,government,EU,standard,2021-07-29
CUST_03214,small_business,NA,basic,2021-10-16
CUST_03215,small_business,NA,premium,2022-01-16
CUST_03216,small_business,EU,basic,2020-10-26
CUST_03217,individual,NA,standard,2022-02-23
CUST_03218,individual,EU,basic,2022-02-28
CUST_03219,enterprise,NA,premium,2022-02-04
CUST_03220,individual,APAC,premium,2020-08-12
CUST_03221,individual,APAC,standard,2021-07-22
CUST_03222,government,APAC,premium,2020-10-25
CUST_03223,small_business,NA,basic,2020-08-08
CUST_03224,enterprise,EU,standard,2020-12-18
CUST_03225,individual,APAC,standard,2021-10-23
CUST_03226,small_business,APAC,basic,2021-11-14
CUST_03227,individual,EU,standard,2022-08-11
CUST_03228,government,APAC,basic,2021-01-10
CUST_03229,individual,APAC,basic,2020-09-01
CUST_03230,individual,NA,premium,2022-02-02
CUST_03231,small_business,APAC,premium,2021-04-09
CUST_03232,small_business,LATAM,basic,2022-04-28
CUST_03233,individual,APAC,enterprise,2021-05-04
CUST_03234,small_business,MEA,basic,2021-02-25
CUST_03235,individual,MEA,premium,2022-04-21
CUST_03236,individual,EU,standard,2022-09-20
CUST_03237,individual,NA,standard,2021-10-10
CUST_03238,enterprise,NA,basic,2020-11-25
CUST_03239,individual,MEA,premium,2020-09-09
CUST_03240,individual,NA,basic,2022-06-11
CUST_03241,small_business,EU,standard,2021-06-21
CUST_03242,enterprise,NA,standard,2022-03-09
CUST_03243,small_business,NA,premium,2020-07-24
CUST_03244,enterprise,APAC,standard,2020-08-11
CUST_03245,individual,APAC,premium,2022-05-27
CUST_03246,individual,EU,standard,2022-01-25
CUST_03247,individual,MEA,basic,2021-04-23
CUST_03248,small_business,NA,basic,2021-11-07
CUST_03249,individual,APAC,premium,2020-09-02
CUST_03250,small_business,LATAM,standard,2022-12-16
CUST_03251,small_business,MEA,enterprise,2020-07-21
CUST_03252,enterprise,APAC,standard,2021-05-23
CUST_03253,individual,NA,basic,2022-09-29
CUST_03254,government,APAC,standard,2020-10-06
CUST_03255,small_business,LATAM,standard,2021-09-09
CUST_03256,small_business,MEA,premium,2020-11-07
CUST_03257,small_business,APAC,standard,2020-12-06
CUST_03258,individual,NA,basic,2021-05-22
CUST_03259,individual,EU,premium,2020-09-14
CUST_03260,government,LATAM,standard,2022-03-07
CUST_03261,individual,APAC,basic,2022-05-16
CUST_03262,individual,NA,premium,2021-05-13
CUST_03263,small_business,NA,standard,2021-02-19
CUST_03264,individual,APAC,enterprise,2020-12-30
CUST_03265,enterprise,NA,premium,2022-06-04
CUST_03266,individual,NA,standard,2020-08-20
CUST_03267,individual,NA,standard,2022-10-23
CUST_03268,individual,NA,basic,2022-06-02
CUST_03269,individual,NA,enterprise,2022-05-08
CUST_03270,government,NA,standard,2022-08-14
CUST_03271,enterprise,LATAM,basic,2021-12-13
CUST_03272,individual,LATAM,premium,2022-06-02
CUST_03273,individual,EU,standard,2022-06-05
CUST_03274,enterprise,EU,basic,2022-07-06
CUST_03275,small_business,EU,standard,2022-07-19
CUST_03276,enterprise,NA,standard,2021-04-22
CUST_03277,individual,MEA,standard,2022-05-31
CUST_03278,government,APAC,standard,2022-04-15
CUST_03279,small_business,LATAM,basic,2021-12-08
CUST_03280,enterprise,EU,premium,2022-01-03
CUST_03281,individual,NA,basic,2020-08-16
CUST_03282,small_business,NA,premium,2021-03-06
CUST_03283,small_business,EU,standard,2022-03-26
CUST_03284,small_business,LATAM,basic,2020-08-17
CUST_03285,individual,EU,basic,2022-07-26
CUST_03286,individual,EU,basic,2021-05-01
CUST_03287,enterprise,LATAM,premium,2021-12-17
CUST_03288,small_business,APAC,standard,2022-07-07
CUST_03289,government,MEA,premium,2020-09-24
CUST_03290,small_business,EU,enterprise,2020-10-18
CUST_03291,individual,EU,standard,2021-04-01
CUST_03292,individual,APAC,standard,2022-12-03
CUST_03293,enterprise,NA,premium,2022-11-27
CUST_03294,small_business,NA,standard,2021-06-28
CUST_03295,individual,EU,standard,2022-07-24
CUST_03296,individual,NA,basic,2021-10-29
CUST_03297,government,NA,standard,2021-11-02
CUST_03298,enterprise,EU,basic,2021-04-24
CUST_03299,enterprise,NA,standard,2022-04-13
CUST_03300,individual,APAC,standard,2021-04-13
CUST_03301,small_business,NA,standard,2020-09-02
CUST_03302,enterprise,NA,basic,2022-08-22
CUST_03303,enterprise,NA,premium,2020-12-01
CUST_03304,individual,EU,premium,2022-09-16
CUST_03305,individual,NA,premium,2022-02-27
CUST_03306,individual,MEA,premium,2021-07-18
CUST_03307,small_business,MEA,basic,2022-08-20
CUST_03308,individual,EU,basic,2020-12-08
CUST_03309,government,NA,enterprise,2021-12-03
CUST_03310,small_business,APAC,enterprise,2022-12-18
CUST_03311,individual,NA,premium,2022-07-20
CUST_03312,individual,NA,standard,2020-08-06
CUST_03313,individual,EU,premium,2021-05-20
CUST_03314,individual,MEA,standard,2022-04-07
CUST_03315,small_business,NA,basic,2020-11-06
CUST_03316,small_business,NA,enterprise,2022-06-25
CUST_03317,individual,APAC,standard,2021-06-18
CUST_03318,small_business,NA,premium,2020-11-11
CUST_03319,small_business,NA,standard,2021-03-15
CUST_03320,individual,EU,basic,2021-09-20
CUST_03321,enterprise,NA,premium,2022-08-25
CUST_03322,enterprise,NA,standard,2022-10-09
CUST_03323,government,MEA,basic,2020-09-14
CUST_03324,government,MEA,basic,2020-08-24
CUST_03325,small_business,APAC,basic,2020-11-30
CUST_03326,individual,EU,basic,2020-08-04
CUST_03327,small_business,NA,standard,2021-06-28
CUST_03328,individual,LATAM,standard,2021-12-14
CUST_03329,individual,APAC,standard,2020-08-05
CUST_03330,small_business,APAC,premium,2022-07-30
CUST_03331,small_business,MEA,standard,2022-06-08
CUST_03332,individual,MEA,enterprise,2022-03-04
CUST_03333,individual,EU,standard,2021-09-01
CUST_03334,small_business,NA,enterprise,2023-01-01
CUST_03335,individual,APAC,premium,2022-06-02
CUST_03336,enterprise,EU,enterprise,2022-11-02
CUST_03337,enterprise,NA,standard,2022-07-21
CUST_03338,enterprise,APAC,enterprise,2022-04-28
CUST_03339,individual,NA,standard,2021-05-06
CUST_03340,individual,APAC,basic,2022-03-25
CUST_03341,individual,EU,premium,2021-05-12
CUST_03342,government,NA,standard,2021-02-12
CUST_03343,individual,NA,standard,2021-07-17
CUST_03344,individual,NA,standard,2021-09-06
CUST_03345,individual,EU,premium,2021-06-26
CUST_03346,small_business,EU,basic,2020-11-20
CUST_03347,enterprise,NA,basic,2022-11-21
CUST_03348,individual,LATAM,basic,2021-09-11
CUST_03349,individual,NA,premium,2020-07-29
CUST_03350,enterprise,APAC,basic,2022-09-18
CUST_03351,individual,APAC,enterprise,2020-07-30
CUST_03352,individual,LATAM,premium,2020-08-28
CUST_03353,small_business,EU,basic,2022-09-16
CUST_03354,enterprise,NA,premium,2022-03-25
CUST_03355,enterprise,APAC,standard,2021-02-18
CUST_03356,enterprise,MEA,basic,2022-09-20
CUST_03357,small_business,EU,standard,2022-05-20
CUST_03358,small_business,APAC,basic,2020-10-24
CUST_03359,enterprise,EU,standard,2021-06-01
CUST_03360,individual,EU,enterprise,2021-12-06
CUST_03361,individual,NA,premium,2021-03-14
CUST_03362,government,EU,basic,2020-11-10
CUST_03363,individual,EU,premium,2021-04-23
CUST_03364,individual,EU,premium,2022-01-11
CUST_03365,small_business,EU,standard,2020-07-31
CUST_03366,small_business,LATAM,premium,2021-03-29
CUST_03367,small_business,EU,enterprise,2022-05-25
CUST_03368,small_business,NA,enterprise,2022-09-22
CUST_03369,individual,EU,basic,2021-09-21
CUST_03370,enterprise,NA,premium,2022-01-14
CUST_03371,individual,MEA,basic,2020-10-21
CUST_03372,individual,EU,enterprise,2022-04-07
CUST_03373,enterprise,NA,standard,2020-07-31
CUST_03374,small_business,NA,standard,2022-01-10
CUST_03375,enterprise,NA,standard,2022-10-02
CUST_03376,individual,EU,premium,2020-08-28
CUST_03377,government,NA,standard,2020-12-23
CUST_03378,individual,EU,standard,2021-03-18
CUST_03379,individual,EU,basic,2021-01-07
CUST_03380,small_business,NA,standard,2021-12-27
CUST_03381,enterprise,MEA,standard,2022-09-09
CUST_03382,individual,NA,standard,2021-03-15
CUST_03383,small_business,APAC,standard,2021-11-20
CUST_03384,small_business,NA,basic,2021-01-03
CUST_03385,small_business,LATAM,standard,2022-04-07
CUST_03386,individual,NA,standard,2022-08-18
CUST_03387,enterprise,NA,enterprise,2020-09-19
CUST_03388,enterprise,APAC,standard,2022-10-09
CUST_03389,individual,NA,premium,2022-04-25
CUST_03390,small_business,APAC,basic,2021-08-13
CUST_03391,individual,APAC,basic,2020-07-19
CUST_03392,individual,APAC,basic,2022-12-20
CUST_03393,individual,MEA,premium,2021-08-25
CUST_03394,enterprise,EU,standard,2021-05-30
CUST_03395,individual,NA,standard,2021-11-18
CUST_03396,small_business,LATAM,enterprise,2020-11-28
CUST_03397,individual,APAC,standard,2020-10-03
CUST_03398,individual,EU,enterprise,2022-05-06
CUST_03399,individual,EU,enterprise,2022-08-17
CUST_03400,individual,APAC,premium,2020-10-09
CUST_03401,small_business,NA,enterprise,2020-10-20
CUST_03402,government,APAC,standard,2022-09-16
CUST_03403,enterprise,EU,premium,2020-12-28
CUST_03404,small_business,MEA,premium,2022-05-17
CUST_03405,small_business,EU,basic,2021-04-08
CUST_03406,individual,EU,basic,2022-07-10
CUST_03407,individual,EU,premium,2022-01-11
CUST_03408,small_business,APAC,basic,2022-01-04
CUST_03409,individual,APAC,standard,2020-12-17
CUST_03410,individual,EU,standard,2020-11-10
CUST_03411,government,MEA,basic,2021-09-26
CUST_03412,individual,APAC,standard,2022-05-08
CUST_03413,small_business,LATAM,enterprise,2022-08-07
CUST_03414,enterprise,MEA,standard,2020-08-01
CUST_03415,individual,EU,premium,2021-12-31
CUST_03416,small_business,APAC,basic,2022-10-28
CUST_03417,small_business,APAC,premium,2022-04-22
CUST_03418,government,APAC,enterprise,2020-08-29
CUST_03419,individual,APAC,standard,2022-09-01
CUST_03420,individual,NA,standard,2021-01-14
CUST_03421,government,EU,standard,2021-01-18
CUST_03422,small_business,APAC,basic,2022-02-17
CUST_03423,individual,APAC,premium,2021-08-08
CUST_03424,individual,NA,basic,2022-01-07
CUST_03425,government,APAC,standard,2020-11-23
CUST_03426,individual,NA,premium,2022-10-31
CUST_03427,government,NA,standard,2022-07-13
CUST_03428,individual,MEA,basic,2022-02-01
CUST_03429,individual,NA,enterprise,2021-06-04
CUST_03430,individual,NA,basic,2021-03-21
CUST_03431,small_business,NA,basic,2022-01-13
CUST_03432,individual,APAC,basic,2021-12-14
CUST_03433,small_business,LATAM,premium,2020-07-15
CUST_03434,enterprise,EU,premium,2021-10-03
CUST_03435,individual,NA,standard,2020-10-11
CUST_03436,government,APAC,standard,2022-03-09
CUST_03437,individual,APAC,standard,2022-07-14
CUST_03438,enterprise,EU,standard,2021-04-14
CUST_03439,enterprise,LATAM,enterprise,2021-06-19
CUST_03440,enterprise,APAC,enterprise,2021-02-16
CUST_03441,small_business,NA,standard,2022-05-01
CUST_03442,government,EU,premium,2022-11-20
CUST_03443,individual,LATAM,enterprise,2020-09-23
CUST_03444,enterprise,APAC,premium,2021-05-06
CUST_03445,individual,EU,premium,2022-02-07
CUST_03446,enterprise,EU,premium,2021-07-16
CUST_03447,individual,EU,basic,2022-02-07
CUST_03448,individual,APAC,basic,2021-03-31
CUST_03449,individual,EU,basic,2022-12-08
CUST_03450,small_business,NA,standard,2021-11-29
CUST_03451,individual,MEA,premium,2020-11-03
CUST_03452,small_business,NA,premium,2022-06-23
CUST_03453,government,NA,standard,2021-05-27
CUST_03454,small_business,APAC,premium,2021-07-03
CUST_03455,individual,MEA,standard,2022-01-06
CUST_03456,government,NA,premium,2020-07-21
CUST_03457,individual,EU,premium,2021-07-30
CUST_03458,individual,APAC,enterprise,2022-09-22
CUST_03459,small_business,NA,basic,2022-02-08
CUST_03460,individual,NA,basic,2021-03-17
CUST_03461,small_business,NA,standard,2021-01-26
CUST_03462,individual,NA,enterprise,2021-02-25
CUST_03463,enterprise,APAC,enterprise,2021-11-28
CUST_03464,enterprise,EU,premium,2022-11-17
CUST_03465,individual,EU,standard,2022-04-12
CUST_03466,enterprise,EU,standard,2020-07-31
CUST_03467,enterprise,NA,enterprise,2021-03-03
CUST_03468,small_business,NA,premium,2021-11-02
CUST_03469,enterprise,EU,premium,2022-06-21
CUST_03470,enterprise,EU,standard,2021-03-31
CUST_03471,small_business,NA,premium,2022-08-23
CUST_03472,small_business,NA,standard,2022-09-05
CUST_03473,individual,APAC,basic,2021-07-01
CUST_03474,individual,LATAM,basic,2021-02-03
CUST_03475,small_business,APAC,basic,2022-03-14
CUST_03476,individual,EU,basic,2022-09-01
CUST_03477,individual,LATAM,basic,2022-10-05
CUST_03478,small_business,EU,basic,2022-11-26
CUST_03479,small_business,NA,basic,2020-08-31
CUST_03480,individual,NA,premium,2022-10-24
CUST_03481,individual,EU,standard,2022-08-08
CUST_03482,individual,APAC,premium,2021-08-04
CUST_03483,enterprise,NA,basic,2022-02-10
CUST_03484,individual,NA,basic,2020-08-04
CUST_03485,government,LATAM,standard,2022-06-10
CUST_03486,enterprise,NA,standard,2022-03-09
CUST_03487,small_business,NA,standard,2022-01-23
CUST_03488,small_business,EU,premium,2022-10-22
CUST_03489,enterprise,EU,basic,2022-07-21
CUST_03490,individual,MEA,basic,2021-01-30
CUST_03491,individual,EU,basic,2020-12-25
CUST_03492,individual,LATAM,standard,2022-08-08
CUST_03493,enterprise,APAC,basic,2022-12-29
CUST_03494,small_business,APAC,premium,2022-09-01
CUST_03495,enterprise,APAC,basic,2021-06-22
CUST_03496,individual,APAC,enterprise,2021-05-26
CUST_03497,small_business,NA,standard,2021-09-28
CUST_03498,enterprise,NA,standard,2022-04-20
CUST_03499,individual,MEA,standard,2022-07-29
CUST_03500,small_business,LATAM,basic,2022-03-14
CUST_03501,small_business,NA,enterprise,2022-04-13
CUST_03502,enterprise,EU,basic,2020-09-29
CUST_03503,individual,NA,standard,2020-07-15
CUST_03504,small_business,NA,standard,2020-08-24
CUST_03505,small_business,NA,standard,2021-10-31
CUST_03506,small_business,EU,enterprise,2021-09-14
CUST_03507,individual,NA,standard,2020-12-22
CUST_03508,small_business,NA,premium,2021-05-29
CUST_03509,individual,LATAM,premium,2021-04-08
CUST_03510,individual,EU,premium,2020-10-12
CUST_03511,individual,APAC,basic,2022-08-10
CUST_03512,small_business,EU,standard,2020-09-01
CUST_03513,government,LATAM,standard,2022-06-11
CUST_03514,individual,EU,basic,2021-12-04
CUST_03515,government,EU,enterprise,2022-12-08
CUST_03516,small_business,EU,premium,2022-03-28
CUST_03517,government,APAC,premium,2021-03-16
CUST_03518,individual,APAC,basic,2021-11-06
CUST_03519,individual,NA,premium,2020-11-12
CUST_03520,government,NA,enterprise,2021-04-14
CUST_03521,small_business,EU,basic,2022-09-24
CUST_03522,enterprise,NA,basic,2020-08-02
CUST_03523,enterprise,NA,basic,2022-01-01
CUST_03524,individual,NA,basic,2020-08-24
CUST_03525,individual,EU,standard,2020-09-05
CUST_03526,individual,NA,basic,2022-02-25
CUST_03527,individual,EU,enterprise,2022-07-30
CUST_03528,individual,NA,enterprise,2021-11-08
CUST_03529,individual,EU,standard,2022-03-20
CUST_03530,small_business,LATAM,enterprise,2021-02-21
CUST_03531,government,LATAM,basic,2022-11-22
CUST_03532,individual,EU,standard,2022-07-11
CUST_03533,enterprise,EU,enterprise,2021-12-26
CUST_03534,government,EU,basic,2022-12-12
CUST_03535,government,LATAM,standard,2022-01-19
CUST_03536,government,LATAM,basic,2022-08-16
CUST_03537,small_business,APAC,enterprise,2022-09-10
CUST_03538,government,APAC,premium,2021-03-23
CUST_03539,individual,APAC,enterprise,2022-10-08
CUST_03540,individual,MEA,standard,2021-04-05
CUST_03541,enterprise,EU,basic,2020-08-13
CUST_03542,individual,EU,enterprise,2022-12-08
CUST_03543,small_business,LATAM,basic,2022-05-02
CUST_03544,small_business,NA,enterprise,2022-01-21
CUST_03545,individual,APAC,premium,2021-09-19
CUST_03546,small_business,NA,basic,2020-07-23
CUST_03547,government,EU,premium,2022-12-13
CUST_03548,individual,NA,standard,2021-11-30
CUST_03549,individual,APAC,premium,2022-01-23
CUST_03550,individual,EU,enterprise,2021-10-24
CUST_03551,individual,NA,enterprise,2020-12-26
CUST_03552,individual,NA,basic,2022-10-08
CUST_03553,enterprise,LATAM,basic,2021-02-18
CUST_03554,enterprise,LATAM,premium,2022-12-09
CUST_03555,enterprise,APAC,basic,2022-10-17
CUST_03556,individual,NA,standard,2022-05-04
CUST_03557,enterprise,LATAM,basic,2022-12-19
CUST_03558,small_business,NA,enterprise,2022-10-21
CUST_03559,individual,EU,premium,2021-09-17
CUST_03560,small_business,NA,premium,2021-04-14
CUST_03561,individual,APAC,basic,2020-11-29
CUST_03562,enterprise,NA,premium,2022-09-30
CUST_03563,individual,APAC,basic,2022-11-11
CUST_03564,small_business,EU,standard,2022-06-18
CUST_03565,small_business,NA,enterprise,2021-04-22
CUST_03566,small_business,EU,premium,2021-05-05
CUST_03567,enterprise,NA,basic,2022-12-26
CUST_03568,individual,MEA,basic,2020-07-16
CUST_03569,small_business,MEA,premium,2021-01-12
CUST_03570,enterprise,NA,premium,2020-11-18
CUST_03571,government,NA,standard,2021-05-05
CUST_03572,individual,EU,standard,2022-05-23
CUST_03573,individual,APAC,premium,2021-07-07
CUST_03574,individual,LATAM,premium,2022-03-19
CUST_03575,enterprise,NA,basic,2022-01-14
CUST_03576,enterprise,NA,premium,2021-10-18
CUST_03577,individual,APAC,premium,2022-12-20
CUST_03578,government,APAC,standard,2020-11-03
CUST_03579,enterprise,EU,premium,2021-02-06
CUST_03580,government,EU,premium,2022-02-09
CUST_03581,small_business,APAC,standard,2021-08-08
CUST_03582,individual,EU,standard,2020-11-30
CUST_03583,individual,EU,basic,2022-01-05
CUST_03584,individual,LATAM,standard,2020-10-08
CUST_03585,enterprise,MEA,standard,2021-09-13
CUST_03586,small_business,NA,premium,2021-10-29
CUST_03587,government,LATAM,premium,2021-12-07
CUST_03588,government,APAC,standard,2022-12-18
CUST_03589,individual,APAC,enterprise,2022-07-31
CUST_03590,small_business,NA,basic,2021-11-27
CUST_03591,small_business,NA,basic,2021-08-10
CUST_03592,individual,NA,enterprise,2021-06-18
CUST_03593,individual,NA,standard,2021-08-08
CUST_03594,individual,LATAM,basic,2021-02-19
CUST_03595,individual,MEA,basic,2022-02-04
CUST_03596,small_business,EU,basic,2021-07-19
CUST_03597,government,APAC,standard,2022-12-19
CUST_03598,government,APAC,standard,2022-02-17
CUST_03599,small_business,EU,basic,2022-08-22
CUST_03600,small_business,NA,standard,2021-01-26
CUST_03601,enterprise,EU,enterprise,2022-10-29
CUST_03602,individual,EU,basic,2022-02-01
CUST_03603,small_business,LATAM,enterprise,2021-03-23
CUST_03604,enterprise,MEA,premium,2021-06-12
CUST_03605,individual,APAC,premium,2022-08-24
CUST_03606,government,APAC,standard,2022-05-12
CUST_03607,small_business,EU,premium,2022-04-21
CUST_03608,small_business,EU,basic,2021-07-27
CUST_03609,enterprise,EU,basic,2022-02-06
CUST_03610,individual,EU,standard,2020-12-17
CUST_03611,individual,EU,premium,2020-10-13
CUST_03612,enterprise,APAC,standard,2020-10-27
CUST_03613,individual,NA,standard,2022-01-31
CUST_03614,individual,EU,standard,2020-10-21
CUST_03615,individual,NA,enterprise,2021-04-22
CUST_03616,enterprise,NA,premium,2022-06-23
CUST_03617,government,EU,basic,2020-12-11
CUST_03618,individual,LATAM,standard,2021-08-03
CUST_03619,individual,APAC,standard,2020-09-15
CUST_03620,enterprise,NA,basic,2022-03-04
CUST_03621,individual,APAC,premium,2022-10-13
CUST_03622,individual,APAC,enterprise,2021-10-01
CUST_03623,small_business,EU,standard,2020-11-16
CUST_03624,individual,LATAM,standard,2022-06-13
CUST_03625,small_business,EU,basic,2022-08-23
CUST_03626,individual,NA,basic,2022-02-01
CUST_03627,small_business,EU,standard,2020-12-25
CUST_03628,individual,NA,standard,2022-02-04
CUST_03629,individual,NA,premium,2022-11-27
CUST_03630,small_business,NA,premium,2022-11-22
CUST_03631,enterprise,NA,premium,2022-08-19
CUST_03632,small_business,LATAM,basic,2022-09-19
CUST_03633,small_business,LATAM,basic,2020-11-20
CUST_03634,individual,EU,basic,2022-01-15
CUST_03635,enterprise,EU,standard,2021-07-13
CUST_03636,individual,APAC,premium,2021-06-19
CUST_03637,enterprise,APAC,standard,2022-09-05
CUST_03638,enterprise,LATAM,basic,2022-11-05
CUST_03639,small_business,EU,basic,2020-08-21
CUST_03640,small_business,EU,basic,2020-11-16
CUST_03641,individual,NA,premium,2021-08-07
CUST_03642,individual,EU,standard,2021-11-22
CUST_03643,individual,APAC,standard,2021-02-15
CUST_03644,small_business,EU,basic,2022-06-11
CUST_03645,small_business,NA,standard,2022-12-25
CUST_03646,individual,NA,premium,2021-07-29
CUST_03647,enterprise,NA,basic,2021-07-01
CUST_03648,individual,EU,standard,2022-04-04
CUST_03649,small_business,EU,basic,2022-06-09
CUST_03650,enterprise,NA,basic,2022-04-10
CUST_03651,individual,APAC,standard,2021-10-02
CUST_03652,small_business,APAC,standard,2021-11-12
CUST_03653,individual,NA,standard,2022-09-14
CUST_03654,small_business,LATAM,basic,2021-05-28
CUST_03655,small_business,NA,premium,2022-05-27
CUST_03656,enterprise,APAC,standard,2022-11-07
CUST_03657,small_business,NA,premium,2020-08-21
CUST_03658,individual,EU,standard,2022-05-25
CUST_03659,enterprise,LATAM,basic,2020-12-25
CUST_03660,individual,NA,enterprise,2021-04-25
CUST_03661,enterprise,LATAM,standard,2021-04-30
CUST_03662,individual,MEA,premium,2022-04-22
CUST_03663,individual,NA,basic,2022-12-01
CUST_03664,small_business,LATAM,enterprise,2023-01-01
CUST_03665,individual,EU,standard,2022-07-22
CUST_03666,individual,EU,standard,2021-10-25
CUST_03667,small_business,EU,basic,2021-03-03
CUST_03668,individual,APAC,premium,2022-02-26
CUST_03669,individual,EU,enterprise,2020-10-04
CUST_03670,enterprise,NA,standard,2021-02-02
CUST_03671,enterprise,LATAM,enterprise,2022-07-07
CUST_03672,individual,NA,basic,2020-07-25
CUST_03673,enterprise,APAC,basic,2022-12-09
CUST_03674,small_business,EU,premium,2022-07-29
CUST_03675,individual,EU,standard,2022-11-24
CUST_03676,small_business,APAC,standard,2022-12-19
CUST_03677,small_business,NA,basic,2020-11-04
CUST_03678,enterprise,APAC,premium,2022-06-08
CUST_03679,enterprise,NA,basic,2020-07-23
CUST_03680,individual,APAC,premium,2021-03-07
CUST_03681,individual,EU,premium,2021-06-08
CUST_03682,government,EU,basic,2020-08-16
CUST_03683,small_business,NA,basic,2021-12-21
CUST_03684,small_business,EU,basic,2021-02-26
CUST_03685,enterprise,APAC,standard,2022-02-07
CUST_03686,small_business,NA,basic,2021-11-16
CUST_03687,individual,MEA,premium,2022-08-03
CUST_03688,enterprise,APAC,standard,2021-06-25
CUST_03689,individual,MEA,basic,2022-04-17
CUST_03690,enterprise,NA,standard,2021-09-11
CUST_03691,small_business,EU,premium,2022-11-19
CUST_03692,individual,LATAM,enterprise,2022-08-06
CUST_03693,small_business,EU,premium,2022-07-22
CUST_03694,enterprise,EU,enterprise,2020-10-12
CUST_03695,individual,APAC,basic,2021-10-29
CUST_03696,enterprise,MEA,standard,2021-07-18
CUST_03697,individual,NA,enterprise,2021-02-20
CUST_03698,government,APAC,premium,2020-10-17
CUST_03699,individual,NA,premium,2020-10-07
CUST_03700,individual,LATAM,standard,2020-09-14
CUST_03701,individual,EU,premium,2021-01-27
CUST_03702,enterprise,NA,standard,2021-09-24
CUST_03703,individual,APAC,premium,2020-12-29
CUST_03704,individual,APAC,standard,2022-09-13
CUST_03705,small_business,LATAM,premium,2022-02-22
CUST_03706,individual,EU,premium,2021-06-26
CUST_03707,small_business,MEA,basic,2022-12-16
CUST_03708,individual,NA,basic,2020-10-29
CUST_03709,small_business,NA,standard,2022-09-02
CUST_03710,individual,EU,standard,2021-01-17
CUST_03711,small_business,NA,standard,2022-02-24
CUST_03712,individual,EU,standard,2021-04-12
CUST_03713,small_business,APAC,enterprise,2021-08-08
CUST_03714,individual,NA,premium,2020-08-03
CUST_03715,enterprise,APAC,premium,2021-10-26
CUST_03716,small_business,EU,standard,2021-01-30
CUST_03717,small_business,NA,basic,2021-08-20
CUST_03718,enterprise,NA,basic,2022-09-29
CUST_03719,individual,APAC,premium,2022-09-27
CUST_03720,small_business,APAC,basic,2021-09-08
CUST_03721,individual,NA,premium,2020-08-09
CUST_03722,small_business,EU,basic,2021-01-31
CUST_03723,individual,LATAM,premium,2021-08-01
CUST_03724,individual,EU,standard,2021-01-18
CUST_03725,small_business,APAC,standard,2020-12-21
CUST_03726,individual,EU,premium,2021-08-17
CUST_03727,individual,EU,premium,2022-11-22
CUST_03728,individual,NA,basic,2022-07-27
CUST_03729,government,NA,standard,2022-04-21
CUST_03730,individual,APAC,premium,2022-07-05
CUST_03731,enterprise,NA,basic,2022-01-18
CUST_03732,enterprise,EU,standard,2021-01-01
CUST_03733,individual,APAC,enterprise,2022-09-20
CUST_03734,individual,NA,enterprise,2021-04-22
CUST_03735,small_business,EU,standard,2021-01-16
CUST_03736,individual,APAC,premium,2021-12-20
CUST_03737,small_business,NA,standard,2022-03-22
CUST_03738,individual,APAC,basic,2022-10-04
CUST_03739,individual,LATAM,standard,2021-11-17
CUST_03740,small_business,NA,enterprise,2022-08-14
CUST_03741,individual,NA,standard,2021-02-20
CUST_03742,individual,APAC,standard,2021-06-10
CUST_03743,individual,NA,premium,2022-06-26
CUST_03744,small_business,NA,basic,2022-06-08
CUST_03745,individual,NA,premium,2022-12-21
CUST_03746,individual,EU,basic,2021-07-13
CUST_03747,small_business,EU,basic,2020-09-23
CUST_03748,individual,LATAM,premium,2020-10-03
CUST_03749,individual,APAC,standard,2022-05-27
CUST_03750,individual,EU,standard,2021-06-26
CUST_03751,enterprise,NA,premium,2020-08-06
CUST_03752,small_business,LATAM,basic,2021-07-25
CUST_03753,government,NA,basic,2021-03-31
CUST_03754,enterprise,APAC,standard,2022-05-16
CUST_03755,enterprise,EU,premium,2022-11-19
CUST_03756,enterprise,APAC,basic,2021-02-13
CUST_03757,small_business,EU,standard,2020-08-28
CUST_03758,enterprise,APAC,basic,2021-04-12
CUST_03759,government,EU,standard,2020-07-23
CUST_03760,enterprise,NA,standard,2022-03-13
CUST_03761,small_business,NA,standard,2021-10-31
CUST_03762,individual,NA,premium,2022-08-05
CUST_03763,enterprise,NA,basic,2022-03-20
CUST_03764,small_business,APAC,enterprise,2022-02-25
CUST_03765,enterprise,EU,enterprise,2020-08-09
CUST_03766,government,EU,standard,2020-07-23
CUST_03767,enterprise,EU,standard,2021-02-02
CUST_03768,small_business,APAC,standard,2021-09-08
CUST_03769,individual,APAC,enterprise,2021-07-05
CUST_03770,small_business,APAC,basic,2022-04-02
CUST_03771,government,LATAM,standard,2022-05-13
CUST_03772,individual,LATAM,enterprise,2021-06-01
CUST_03773,individual,MEA,basic,2022-01-23
CUST_03774,small_business,EU,basic,2021-10-24
CUST_03775,small_business,NA,standard,2020-10-18
CUST_03776,individual,APAC,basic,2021-01-28
CUST_03777,small_business,APAC,standard,2022-06-06
CUST_03778,enterprise,EU,basic,2020-12-21
CUST_03779,small_business,NA,basic,2021-04-29
CUST_03780,enterprise,APAC,basic,2021-03-09
CUST_03781,enterprise,EU,standard,2020-12-28
CUST_03782,individual,EU,standard,2022-08-05
CUST_03783,individual,NA,basic,2021-12-12
CUST_03784,enterprise,MEA,basic,2022-06-22
CUST_03785,enterprise,NA,standard,2021-06-17
CUST_03786,small_business,NA,standard,2022-06-12
CUST_03787,individual,MEA,standard,2021-08-18
CUST_03788,small_business,EU,standard,2022-09-01
CUST_03789,individual,NA,premium,2022-11-07
CUST_03790,individual,NA,basic,2021-07-02
CUST_03791,individual,APAC,enterprise,2021-01-28
CUST_03792,individual,NA,premium,2022-11-01
CUST_03793,individual,NA,standard,2022-03-24
CUST_03794,individual,NA,basic,2021-04-23
CUST_03795,small_business,NA,standard,2020-08-24
CUST_03796,individual,NA,standard,2020-11-12
CUST_03797,individual,APAC,premium,2022-06-07
CUST_03798,small_business,NA,basic,2021-05-27
CUST_03799,small_business,MEA,basic,2021-08-22
CUST_03800,individual,NA,standard,2022-04-29
CUST_03801,small_business,NA,basic,2022-05-21
CUST_03802,individual,NA,premium,2021-10-13
CUST_03803,small_business,EU,standard,2022-05-28
CUST_03804,individual,APAC,standard,2021-10-04
CUST_03805,individual,APAC,standard,2021-04-12
CUST_03806,enterprise,NA,premium,2022-06-05
CUST_03807,enterprise,EU,premium,2021-07-14
CUST_03808,individual,NA,standard,2021-11-30
CUST_03809,enterprise,EU,standard,2021-01-11
CUST_03810,individual,APAC,premium,2022-07-13
CUST_03811,enterprise,NA,standard,2021-11-13
CUST_03812,individual,APAC,premium,2021-12-09
CUST_03813,small_business,EU,basic,2021-06-04
CUST_03814,individual,APAC,standard,2020-10-04
CUST_03815,individual,EU,standard,2022-12-12
CUST_03816,small_business,APAC,enterprise,2022-10-02
CUST_03817,individual,NA,basic,2022-04-10
CUST_03818,small_business,NA,premium,2021-03-12
CUST_03819,small_business,EU,basic,2022-11-25
CUST_03820,government,EU,premium,2022-10-01
CUST_03821,small_business,NA,standard,2021-06-14
CUST_03822,individual,NA,enterprise,2021-09-25
CUST_03823,individual,NA,standard,2020-07-24
CUST_03824,enterprise,NA,standard,2021-07-17
CUST_03825,individual,LATAM,standard,2021-05-25
CUST_03826,small_business,APAC,enterprise,2020-12-04
CUST_03827,individual,EU,enterprise,2022-07-14
CUST_03828,individual,APAC,basic,2021-01-02
CUST_03829,individual,APAC,basic,2020-10-22
CUST_03830,individual,NA,standard,2020-11-13
CUST_03831,individual,NA,standard,2022-06-24
CUST_03832,individual,NA,premium,2020-11-08
CUST_03833,individual,APAC,standard,2022-11-04
CUST_03834,individual,NA,standard,2020-08-18
CUST_03835,individual,LATAM,premium,2021-05-24
CUST_03836,enterprise,EU,standard,2021-01-04
CUST_03837,individual,NA,standard,2020-11-20
CUST_03838,individual,MEA,basic,2022-03-13
CUST_03839,small_business,APAC,premium,2021-11-23
CUST_03840,small_business,APAC,premium,2021-09-11
CUST_03841,government,LATAM,standard,2021-04-21
CUST_03842,small_business,APAC,standard,2022-04-19
CUST_03843,small_business,EU,standard,2021-08-08
CUST_03844,individual,NA,basic,2021-12-21
CUST_03845,enterprise,NA,enterprise,2021-12-06
CUST_03846,individual,EU,standard,2022-06-12
CUST_03847,enterprise,NA,premium,2020-11-24
CUST_03848,individual,LATAM,premium,2020-11-25
CUST_03849,individual,APAC,standard,2022-08-09
CUST_03850,individual,NA,standard,2021-08-21
CUST_03851,individual,APAC,standard,2022-06-06
CUST_03852,small_business,EU,basic,2022-08-05
CUST_03853,enterprise,LATAM,basic,2022-11-08
CUST_03854,individual,LATAM,premium,2020-07-22
CUST_03855,individual,EU,standard,2021-07-26
CUST_03856,small_business,NA,enterprise,2020-08-17
CUST_03857,small_business,EU,basic,2021-08-01
CUST_03858,individual,MEA,basic,2021-01-03
CUST_03859,small_business,NA,standard,2021-03-27
CUST_03860,small_business,NA,standard,2020-10-06
CUST_03861,small_business,NA,standard,2021-12-21
CUST_03862,individual,EU,basic,2021-10-10
CUST_03863,enterprise,EU,standard,2021-02-18
CUST_03864,enterprise,APAC,standard,2022-10-25
CUST_03865,government,NA,premium,2022-01-28
CUST_03866,small_business,EU,premium,2022-04-03
CUST_03867,individual,APAC,basic,2021-04-10
CUST_03868,individual,EU,basic,2022-02-25
CUST_03869,individual,NA,standard,2022-06-17
CUST_03870,individual,APAC,basic,2021-06-20
CUST_03871,small_business,MEA,basic,2022-10-26
CUST_03872,individual,NA,premium,2020-10-18
CUST_03873,individual,EU,enterprise,2021-02-12
CUST_03874,small_business,NA,standard,2022-01-16
CUST_03875,small_business,MEA,premium,2022-04-12
CUST_03876,small_business,EU,enterprise,2020-12-03
CUST_03877,individual,APAC,standard,2021-02-17
CUST_03878,small_business,APAC,standard,2022-03-22
CUST_03879,enterprise,APAC,basic,2020-09-19
CUST_03880,individual,EU,standard,2021-07-29
CUST_03881,individual,MEA,enterprise,2022-11-10
CUST_03882,government,NA,premium,2022-09-14
CUST_03883,enterprise,EU,premium,2022-05-22
CUST_03884,enterprise,NA,enterprise,2022-09-23
CUST_03885,small_business,EU,standard,2021-11-18
CUST_03886,individual,NA,basic,2022-07-19
CUST_03887,small_business,LATAM,premium,2020-10-30
CUST_03888,individual,LATAM,standard,2020-09-19
CUST_03889,individual,EU,enterprise,2022-01-25
CUST_03890,government,NA,basic,2020-07-15
CUST_03891,government,LATAM,standard,2022-05-27
CUST_03892,individual,APAC,basic,2021-04-16
CUST_03893,enterprise,NA,standard,2021-05-04
CUST_03894,individual,NA,basic,2020-10-08
CUST_03895,small_business,NA,standard,2022-09-29
CUST_03896,government,APAC,premium,2022-07-30
CUST_03897,government,NA,basic,2022-08-18
CUST_03898,individual,APAC,premium,2020-09-07
CUST_03899,small_business,APAC,basic,2022-07-16
CUST_03900,enterprise,NA,basic,2021-05-15
CUST_03901,individual,NA,basic,2022-06-19
CUST_03902,enterprise,LATAM,premium,2021-08-17
CUST_03903,individual,EU,standard,2021-07-12
CUST_03904,individual,EU,basic,2021-09-15
CUST_03905,small_business,NA,standard,2021-01-15
CUST_03906,small_business,EU,basic,2022-03-17
CUST_03907,individual,LATAM,premium,2021-01-20
CUST_03908,small_business,EU,enterprise,2022-02-22
CUST_03909,individual,APAC,standard,2020-09-27
CUST_03910,government,APAC,premium,2021-02-18
CUST_03911,individual,NA,basic,2022-07-27
CUST_03912,individual,NA,premium,2022-08-03
CUST_03913,individual,EU,basic,2022-10-18
CUST_03914,individual,NA,standard,2022-05-02
CUST_03915,small_business,EU,basic,2021-03-13
CUST_03916,small_business,APAC,premium,2022-02-26
CUST_03917,government,NA,standard,2022-11-28
CUST_03918,individual,EU,standard,2022-11-12
CUST_03919,individual,LATAM,basic,2022-06-24
CUST_03920,enterprise,EU,enterprise,2020-10-21
CUST_03921,small_business,NA,basic,2022-02-01
CUST_03922,small_business,APAC,premium,2020-11-23
CUST_03923,small_business,APAC,basic,2020-10-21
CUST_03924,individual,NA,basic,2020-07-19
CUST_03925,government,NA,premium,2022-05-01
CUST_03926,small_business,EU,basic,2022-06-08
CUST_03927,small_business,EU,premium,2021-03-26
CUST_03928,individual,NA,standard,2022-01-21
CUST_03929,individual,EU,premium,2021-08-06
CUST_03930,individual,NA,premium,2020-08-06
CUST_03931,small_business,EU,standard,2021-07-09
CUST_03932,government,EU,standard,2021-10-13
CUST_03933,enterprise,APAC,basic,2020-12-26
CUST_03934,small_business,NA,enterprise,2021-09-21
CUST_03935,individual,NA,standard,2021-03-30
CUST_03936,government,NA,premium,2021-10-31
CUST_03937,enterprise,LATAM,standard,2022-05-10
CUST_03938,enterprise,APAC,basic,2022-04-05
CUST_03939,individual,APAC,basic,2022-05-12
CUST_03940,small_business,EU,standard,2022-12-28
CUST_03941,small_business,NA,enterprise,2021-09-28
CUST_03942,individual,NA,basic,2022-10-16
CUST_03943,enterprise,NA,premium,2021-06-21
CUST_03944,government,NA,premium,2020-12-12
CUST_03945,enterprise,APAC,standard,2021-04-27
CUST_03946,small_business,EU,standard,2021-07-04
CUST_03947,small_business,NA,basic,2022-05-06
CUST_03948,enterprise,EU,premium,2022-07-04
CUST_03949,small_business,NA,premium,2022-10-12
CUST_03950,individual,NA,standard,2022-09-22
CUST_03951,individual,APAC,basic,2021-02-27
CUST_03952,individual,NA,basic,2021-10-22
CUST_03953,individual,NA,basic,2022-03-12
CUST_03954,individual,EU,standard,2022-10-23
CUST_03955,individual,NA,basic,2022-12-29
CUST_03956,government,NA,premium,2020-11-16
CUST_03957,government,MEA,basic,2021-09-26
CUST_03958,individual,EU,premium,2021-07-03
CUST_03959,small_business,NA,premium,2022-03-23
CUST_03960,enterprise,EU,basic,2022-07-05
CUST_03961,individual,NA,enterprise,2020-12-20
CUST_03962,individual,LATAM,premium,2020-10-11
CUST_03963,enterprise,MEA,basic,2022-01-16
CUST_03964,individual,APAC,standard,2021-08-29
CUST_03965,government,APAC,standard,2022-01-18
CUST_03966,enterprise,APAC,standard,2020-09-27
CUST_03967,small_business,APAC,basic,2022-06-21
CUST_03968,small_business,EU,standard,2021-01-17
CUST_03969,individual,MEA,basic,2021-02-28
CUST_03970,government,APAC,standard,2021-09-20
CUST_03971,individual,APAC,basic,2022-11-20
CUST_03972,individual,NA,standard,2022-12-15
CUST_03973,government,LATAM,standard,2021-11-02
CUST_03974,small_business,NA,standard,2021-09-14
CUST_03975,individual,APAC,standard,2021-06-06
CUST_03976,enterprise,EU,standard,2021-06-14
CUST_03977,government,APAC,standard,2021-04-02
CUST_03978,enterprise,APAC,standard,2022-04-25
CUST_03979,individual,APAC,basic,2020-08-05
CUST_03980,individual,LATAM,premium,2022-08-14
CUST_03981,small_business,APAC,enterprise,2022-03-20
CUST_03982,individual,EU,basic,2021-07-07
CUST_03983,individual,EU,premium,2021-11-11
CUST_03984,individual,MEA,standard,2021-01-03
CUST_03985,individual,NA,standard,2021-04-28
CUST_03986,enterprise,EU,basic,2022-04-06
CUST_03987,enterprise,NA,basic,2021-05-21
CUST_03988,individual,APAC,basic,2022-03-24
CUST_03989,individual,APAC,premium,2020-08-05
CUST_03990,individual,APAC,enterprise,2020-07-24
CUST_03991,small_business,NA,standard,2022-03-03
CUST_03992,individual,EU,enterprise,2022-02-16
CUST_03993,enterprise,EU,premium,2022-04-01
CUST_03994,small_business,NA,basic,2021-05-09
CUST_03995,individual,LATAM,basic,2020-09-25
CUST_03996,individual,EU,basic,2021-05-06
CUST_03997,government,LATAM,basic,2022-01-24
CUST_03998,individual,APAC,standard,2020-07-28
CUST_03999,individual,APAC,standard,2020-12-16
CUST_04000,small_business,NA,enterprise,2020-07-31
CUST_04001,small_business,NA,standard,2021-02-03
CUST_04002,small_business,NA,premium,2020-10-29
CUST_04003,enterprise,EU,basic,2021-10-18
CUST_04004,individual,APAC,basic,2021-07-10
CUST_04005,individual,NA,enterprise,2021-11-06
CUST_04006,enterprise,NA,basic,2020-08-08
CUST_04007,enterprise,APAC,basic,2021-04-22
CUST_04008,small_business,MEA,standard,2022-06-20
CUST_04009,small_business,APAC,standard,2020-09-20
CUST_04010,small_business,NA,premium,2022-08-19
CUST_04011,small_business,NA,basic,2022-11-15
CUST_04012,small_business,APAC,basic,2022-05-23
CUST_04013,individual,NA,basic,2022-05-31
CUST_04014,small_business,APAC,basic,2022-09-14
CUST_04015,individual,EU,basic,2021-03-09
CUST_04016,enterprise,LATAM,standard,2021-11-07
CUST_04017,individual,EU,basic,2021-02-21
CUST_04018,individual,APAC,basic,2022-01-05
CUST_04019,individual,APAC,enterprise,2022-04-28
CUST_04020,small_business,LATAM,standard,2022-04-18
CUST_04021,individual,EU,basic,2020-08-31
CUST_04022,individual,EU,basic,2021-11-04
CUST_04023,individual,NA,basic,2022-07-04
CUST_04024,individual,NA,premium,2021-07-08
CUST_04025,individual,EU,standard,2022-05-17
CUST_04026,individual,APAC,basic,2021-08-31
CUST_04027,government,NA,standard,2021-10-10
CUST_04028,enterprise,NA,basic,2021-08-22
CUST_04029,individual,MEA,standard,2021-03-15
CUST_04030,government,NA,premium,2021-07-16
CUST_04031,individual,NA,premium,2021-07-22
CUST_04032,enterprise,APAC,basic,2021-05-31
CUST_04033,government,NA,premium,2022-04-18
CUST_04034,enterprise,APAC,premium,2021-06-11
CUST_04035,enterprise,EU,enterprise,2022-06-28
CUST_04036,small_business,MEA,basic,2022-12-12
CUST_04037,individual,APAC,standard,2021-05-30
CUST_04038,individual,EU,basic,2020-12-12
CUST_04039,individual,APAC,basic,2020-09-30
CUST_04040,individual,NA,standard,2020-08-22
CUST_04041,government,EU,standard,2021-12-08
CUST_04042,small_business,NA,basic,2022-11-16
CUST_04043,enterprise,EU,premium,2021-07-05
CUST_04044,individual,NA,enterprise,2022-12-16
CUST_04045,small_business,NA,premium,2022-05-10
CUST_04046,individual,NA,standard,2021-07-03
CUST_04047,government,NA,premium,2021-06-19
CUST_04048,individual,NA,premium,2022-05-23
CUST_04049,individual,NA,basic,2021-05-10
CUST_04050,individual,MEA,standard,2021-09-28
CUST_04051,enterprise,NA,enterprise,2021-04-15
CUST_04052,individual,APAC,premium,2021-07-01
CUST_04053,small_business,LATAM,basic,2021-09-01
CUST_04054,small_business,EU,premium,2021-01-19
CUST_04055,small_business,LATAM,standard,2022-05-25
CUST_04056,enterprise,LATAM,basic,2021-08-04
CUST_04057,small_business,LATAM,basic,2021-10-21
CUST_04058,small_business,LATAM,premium,2021-06-11
CUST_04059,small_business,NA,basic,2021-03-30
CUST_04060,small_business,APAC,basic,2020-09-11
CUST_04061,individual,APAC,premium,2022-06-15
CUST_04062,enterprise,NA,basic,2022-10-31
CUST_04063,small_business,NA,basic,2022-09-03
CUST_04064,small_business,APAC,standard,2020-11-18
CUST_04065,enterprise,NA,premium,2022-07-28
CUST_04066,small_business,APAC,basic,2021-12-10
CUST_04067,individual,EU,standard,2021-01-31
CUST_04068,enterprise,EU,basic,2022-07-24
CUST_04069,individual,NA,basic,2022-05-12
CUST_04070,small_business,NA,premium,2021-01-01
CUST_04071,small_business,APAC,enterprise,2021-05-06
CUST_04072,enterprise,LATAM,enterprise,2021-09-25
CUST_04073,individual,MEA,standard,2021-05-31
CUST_04074,individual,EU,basic,2020-08-28
CUST_04075,enterprise,NA,basic,2022-05-27
CUST_04076,enterprise,APAC,premium,2022-06-15
CUST_04077,individual,EU,standard,2022-09-30
CUST_04078,enterprise,NA,premium,2022-11-07
CUST_04079,individual,APAC,enterprise,2022-09-08
CUST_04080,small_business,EU,standard,2021-01-02
CUST_04081,small_business,NA,standard,2021-06-29
CUST_04082,enterprise,APAC,basic,2022-11-11
CUST_04083,small_business,EU,premium,2022-04-29
CUST_04084,small_business,NA,standard,2022-09-28
CUST_04085,individual,NA,basic,2022-07-03
CUST_04086,individual,EU,premium,2022-08-11
CUST_04087,enterprise,NA,standard,2021-07-20
CUST_04088,individual,EU,standard,2021-03-23
CUST_04089,small_business,APAC,standard,2022-07-17
CUST_04090,small_business,MEA,standard,2022-11-29
CUST_04091,enterprise,APAC,premium,2021-01-24
CUST_04092,individual,APAC,basic,2022-02-05
CUST_04093,individual,APAC,standard,2022-10-10
CUST_04094,individual,NA,enterprise,2022-09-23
CUST_04095,individual,LATAM,standard,2022-11-04
CUST_04096,enterprise,APAC,standard,2020-12-26
CUST_04097,individual,EU,standard,2022-09-06
CUST_04098,enterprise,EU,basic,2022-03-08
CUST_04099,individual,NA,premium,2021-04-27
CUST_04100,small_business,EU,basic,2021-07-16
CUST_04101,enterprise,NA,basic,2020-11-11
CUST_04102,individual,EU,basic,2021-12-09
CUST_04103,small_business,EU,standard,2022-11-17
CUST_04104,small_business,NA,basic,2022-04-25
CUST_04105,individual,APAC,basic,2020-12-21
CUST_04106,small_business,EU,standard,2021-06-04
CUST_04107,individual,EU,premium,2021-07-27
CUST_04108,individual,NA,premium,2021-12-23
CUST_04109,individual,NA,standard,2020-12-15
CUST_04110,individual,APAC,standard,2022-11-08
CUST_04111,individual,NA,standard,2021-04-13
CUST_04112,small_business,EU,premium,2022-12-15
CUST_04113,enterprise,APAC,enterprise,2020-08-08
CUST_04114,enterprise,NA,basic,2022-04-02
CUST_04115,enterprise,LATAM,premium,2022-04-18
CUST_04116,enterprise,NA,standard,2021-07-09
CUST_04117,small_business,NA,premium,2020-08-07
CUST_04118,small_business,EU,standard,2022-04-22
CUST_04119,small_business,EU,premium,2021-07-09
CUST_04120,small_business,EU,basic,2021-02-11
CUST_04121,individual,APAC,standard,2022-03-05
CUST_04122,small_business,EU,standard,2021-02-18
CUST_04123,small_business,EU,basic,2022-04-28
CUST_04124,enterprise,APAC,basic,2020-12-23
CUST_04125,small_business,EU,basic,2022-02-18
CUST_04126,government,NA,standard,2022-11-21
CUST_04127,enterprise,NA,enterprise,2021-11-28
CUST_04128,individual,LATAM,standard,2022-03-10
CUST_04129,enterprise,NA,standard,2022-05-12
CUST_04130,small_business,EU,standard,2022-06-24
CUST_04131,individual,MEA,enterprise,2022-12-09
CUST_04132,small_business,EU,standard,2020-10-12
CUST_04133,individual,NA,standard,2020-09-19
CUST_04134,small_business,LATAM,basic,2022-05-15
CUST_04135,small_business,EU,standard,2021-08-07
CUST_04136,small_business,APAC,basic,2020-12-20
CUST_04137,government,EU,premium,2022-10-30
CUST_04138,small_business,NA,basic,2021-03-18
CUST_04139,individual,LATAM,basic,2022-05-25
CUST_04140,individual,APAC,standard,2020-09-05
CUST_04141,small_business,EU,premium,2022-08-29
CUST_04142,individual,NA,basic,2022-09-19
CUST_04143,individual,APAC,standard,2021-09-11
CUST_04144,small_business,APAC,standard,2021-04-20
CUST_04145,government,NA,basic,2021-02-05
CUST_04146,individual,NA,standard,2022-02-05
CUST_04147,government,NA,standard,2022-11-27
CUST_04148,small_business,MEA,enterprise,2021-04-15
CUST_04149,enterprise,EU,enterprise,2021-11-29
CUST_04150,individual,MEA,premium,2020-10-26
CUST_04151,small_business,LATAM,premium,2022-12-22
CUST_04152,enterprise,NA,basic,2020-09-23
CUST_04153,individual,NA,premium,2022-09-09
CUST_04154,small_business,APAC,standard,2022-12-19
CUST_04155,individual,EU,standard,2021-01-12
CUST_04156,small_business,APAC,premium,2021-05-01
CUST_04157,individual,APAC,standard,2022-12-29
CUST_04158,enterprise,APAC,standard,2021-04-17
CUST_04159,enterprise,NA,basic,2022-02-17
CUST_04160,small_business,APAC,premium,2021-03-18
CUST_04161,enterprise,NA,standard,2022-05-15
CUST_04162,individual,EU,standard,2022-12-05
CUST_04163,small_business,APAC,standard,2022-07-11
CUST_04164,enterprise,NA,basic,2021-04-25
CUST_04165,small_business,NA,standard,2022-01-23
CUST_04166,individual,NA,basic,2022-11-25
CUST_04167,small_business,LATAM,basic,2021-07-18
CUST_04168,small_business,LATAM,basic,2021-12-22
CUST_04169,small_business,APAC,standard,2021-08-15
CUST_04170,government,EU,enterprise,2020-12-01
CUST_04171,individual,APAC,basic,2022-08-23
CUST_04172,individual,APAC,enterprise,2022-06-18
CUST_04173,enterprise,NA,premium,2021-12-28
CUST_04174,individual,LATAM,basic,2020-07-23
CUST_04175,enterprise,EU,premium,2022-10-19
CUST_04176,individual,APAC,basic,2022-07-06
CUST_04177,enterprise,NA,standard,2022-11-09
CUST_04178,enterprise,EU,basic,2021-05-26
CUST_04179,individual,EU,standard,2020-11-11
CUST_04180,small_business,LATAM,standard,2021-07-13
CUST_04181,enterprise,NA,enterprise,2022-09-05
CUST_04182,individual,LATAM,basic,2021-07-10
CUST_04183,government,APAC,standard,2022-05-03
CUST_04184,small_business,APAC,standard,2021-07-09
CUST_04185,individual,NA,basic,2021-12-14
CUST_04186,small_business,NA,basic,2021-12-18
CUST_04187,small_business,APAC,standard,2022-11-14
CUST_04188,small_business,MEA,standard,2022-10-27
CUST_04189,enterprise,NA,basic,2022-12-16
CUST_04190,small_business,EU,basic,2020-09-27
CUST_04191,individual,APAC,premium,2021-04-03
CUST_04192,government,EU,standard,2020-09-26
CUST_04193,individual,APAC,basic,2021-06-15
CUST_04194,small_business,APAC,premium,2021-02-08
CUST_04195,small_business,MEA,standard,2021-07-16
CUST_04196,individual,EU,standard,2021-12-04
CUST_04197,small_business,EU,basic,2021-06-02
CUST_04198,individual,NA,standard,2022-02-18
CUST_04199,small_business,APAC,premium,2022-07-06
CUST_04200,enterprise,NA,premium,2020-09-27
CUST_04201,enterprise,NA,basic,2021-10-18
CUST_04202,individual,EU,enterprise,2021-11-10
CUST_04203,small_business,NA,standard,2022-07-27
CUST_04204,individual,NA,premium,2022-12-01
CUST_04205,small_business,NA,basic,2021-06-05
CUST_04206,government,APAC,standard,2022-05-21
CUST_04207,individual,APAC,enterprise,2021-03-07
CUST_04208,individual,MEA,basic,2021-06-06
CUST_04209,enterprise,APAC,enterprise,2020-09-06
CUST_04210,individual,NA,standard,2021-02-21
CUST_04211,individual,NA,premium,2021-04-17
CUST_04212,individual,NA,premium,2020-10-21
CUST_04213,individual,EU,standard,2021-02-08
CUST_04214,individual,APAC,basic,2021-06-17
CUST_04215,individual,EU,standard,2022-10-19
CUST_04216,enterprise,NA,standard,2020-09-25
CUST_04217,individual,APAC,premium,2022-08-05
CUST_04218,enterprise,APAC,standard,2022-01-22
CUST_04219,government,APAC,basic,2022-06-19
CUST_04220,enterprise,EU,basic,2021-05-10
CUST_04221,enterprise,NA,standard,2021-03-31
CUST_04222,enterprise,LATAM,premium,2022-07-17
CUST_04223,small_business,NA,basic,2020-08-12
CUST_04224,small_business,EU,enterprise,2021-11-29
CUST_04225,individual,NA,premium,2020-11-11
CUST_04226,individual,NA,basic,2022-06-18
CUST_04227,enterprise,NA,enterprise,2020-08-10
CUST_04228,individual,LATAM,standard,2022-11-05
CUST_04229,small_business,NA,basic,2021-04-20
CUST_04230,individual,APAC,basic,2021-11-10
CUST_04231,enterprise,LATAM,standard,2020-07-23
CUST_04232,small_business,EU,standard,2022-08-07
CUST_04233,individual,EU,standard,2022-03-31
CUST_04234,individual,EU,standard,2022-03-19
CUST_04235,individual,NA,enterprise,2022-08-11
CUST_04236,small_business,APAC,standard,2022-08-21
CUST_04237,small_business,NA,standard,2022-09-29
CUST_04238,small_business,EU,standard,2021-09-03
CUST_04239,enterprise,LATAM,enterprise,2021-06-02
CUST_04240,small_business,EU,premium,2022-04-07
CUST_04241,individual,LATAM,premium,2022-04-07
CUST_04242,individual,NA,basic,2022-05-09
CUST_04243,individual,NA,enterprise,2021-12-31
CUST_04244,small_business,NA,standard,2021-11-17
CUST_04245,individual,EU,basic,2022-12-22
CUST_04246,individual,MEA,enterprise,2021-02-06
CUST_04247,individual,EU,basic,2022-09-08
CUST_04248,individual,EU,premium,2021-02-15
CUST_04249,individual,EU,standard,2022-01-13
CUST_04250,individual,NA,standard,2021-02-17
CUST_04251,small_business,NA,standard,2020-12-19
CUST_04252,government,LATAM,standard,2022-08-10
CUST_04253,enterprise,NA,basic,2020-09-16
CUST_04254,individual,NA,enterprise,2022-05-04
CUST_04255,small_business,APAC,premium,2021-11-20
CUST_04256,small_business,NA,basic,2021-09-14
CUST_04257,small_business,EU,standard,2022-06-24
CUST_04258,individual,APAC,standard,2020-07-16
CUST_04259,small_business,APAC,standard,2022-06-29
CUST_04260,individual,NA,standard,2021-10-29
CUST_04261,individual,EU,premium,2021-08-16
CUST_04262,enterprise,APAC,standard,2020-11-16
CUST_04263,individual,APAC,premium,2021-06-28
CUST_04264,individual,NA,standard,2021-06-24
CUST_04265,small_business,NA,basic,2022-05-12
CUST_04266,small_business,EU,premium,2021-08-15
CUST_04267,enterprise,EU,premium,2021-10-20
CUST_04268,individual,LATAM,basic,2021-08-30
CUST_04269,small_business,EU,enterprise,2022-05-05
CUST_04270,enterprise,EU,premium,2020-08-04
CUST_04271,enterprise,EU,basic,2021-06-27
CUST_04272,individual,APAC,basic,2022-05-17
CUST_04273,small_business,NA,basic,2021-11-25
CUST_04274,small_business,APAC,basic,2022-01-23
CUST_04275,small_business,EU,basic,2022-04-05
CUST_04276,individual,NA,basic,2021-03-06
CUST_04277,enterprise,NA,enterprise,2022-08-12
CUST_04278,individual,EU,standard,2021-05-03
CUST_04279,government,EU,standard,2021-02-02
CUST_04280,individual,EU,standard,2022-03-12
CUST_04281,enterprise,LATAM,enterprise,2022-08-25
CUST_04282,enterprise,NA,standard,2022-11-28
CUST_04283,government,APAC,basic,2020-08-23
CUST_04284,small_business,MEA,standard,2021-01-23
CUST_04285,individual,MEA,standard,2022-03-02
CUST_04286,enterprise,NA,premium,2021-07-26
CUST_04287,small_business,NA,basic,2022-01-11
CUST_04288,small_business,EU,standard,2020-09-24
CUST_04289,enterprise,NA,premium,2022-09-30
CUST_04290,individual,NA,premium,2021-11-16
CUST_04291,individual,EU,standard,2021-02-28
CUST_04292,individual,LATAM,standard,2021-12-08
CUST_04293,enterprise,MEA,basic,2021-03-30
CUST_04294,small_business,EU,standard,2021-08-15
CUST_04295,individual,NA,standard,2021-10-12
CUST_04296,small_business,APAC,basic,2020-08-30
CUST_04297,individual,EU,basic,2020-11-25
CUST_04298,individual,APAC,standard,2021-07-14
CUST_04299,individual,APAC,premium,2020-10-12
CUST_04300,individual,NA,basic,2022-12-02
CUST_04301,small_business,LATAM,premium,2021-11-28
CUST_04302,individual,EU,premium,2021-05-29
CUST_04303,individual,APAC,basic,2021-06-26
CUST_04304,individual,APAC,premium,2022-04-02
CUST_04305,individual,LATAM,standard,2021-05-04
CUST_04306,individual,NA,premium,2021-04-15
CUST_04307,individual,APAC,standard,2022-08-18
CUST_04308,small_business,APAC,premium,2020-10-15
CUST_04309,individual,LATAM,premium,2022-06-16
CUST_04310,small_business,LATAM,standard,2022-09-18
CUST_04311,individual,NA,basic,2021-02-04
CUST_04312,enterprise,NA,premium,2020-12-23
CUST_04313,government,EU,enterprise,2022-01-15
CUST_04314,individual,MEA,basic,2021-05-08
CUST_04315,individual,APAC,standard,2021-04-19
CUST_04316,enterprise,EU,basic,2021-08-03
CUST_04317,individual,APAC,standard,2022-12-06
CUST_04318,government,EU,basic,2021-12-02
CUST_04319,government,EU,basic,2022-02-07
CUST_04320,enterprise,APAC,basic,2022-04-09
CUST_04321,individual,NA,standard,2022-09-01
CUST_04322,enterprise,LATAM,premium,2022-10-17
CUST_04323,enterprise,NA,standard,2021-08-24
CUST_04324,individual,NA,premium,2022-01-25
CUST_04325,small_business,NA,basic,2020-08-26
CUST_04326,individual,EU,basic,2022-03-07
CUST_04327,small_business,NA,standard,2022-09-14
CUST_04328,individual,NA,standard,2022-05-27
CUST_04329,enterprise,EU,premium,2021-07-13
CUST_04330,individual,APAC,standard,2022-02-11
CUST_04331,individual,MEA,basic,2020-08-18
CUST_04332,individual,LATAM,premium,2022-03-17
CUST_04333,government,APAC,basic,2022-01-04
CUST_04334,individual,EU,standard,2022-08-30
CUST_04335,small_business,EU,standard,2021-04-22
CUST_04336,small_business,NA,standard,2022-03-29
CUST_04337,individual,NA,standard,2021-06-09
CUST_04338,enterprise,NA,basic,2022-08-14
CUST_04339,government,EU,enterprise,2020-10-29
CUST_04340,individual,NA,standard,2020-11-01
CUST_04341,small_business,EU,premium,2021-06-29
CUST_04342,individual,NA,basic,2021-08-15
CUST_04343,small_business,EU,enterprise,2021-02-15
CUST_04344,individual,APAC,premium,2021-10-26
CUST_04345,government,APAC,standard,2021-01-02
CUST_04346,enterprise,NA,standard,2022-02-24
CUST_04347,government,LATAM,enterprise,2020-09-22
CUST_04348,small_business,MEA,basic,2020-08-13
CUST_04349,individual,NA,basic,2022-02-21
CUST_04350,individual,NA,standard,2022-05-09
CUST_04351,individual,NA,standard,2020-09-08
CUST_04352,enterprise,APAC,premium,2020-07-26
CUST_04353,individual,NA,standard,2021-08-27
CUST_04354,individual,NA,standard,2021-06-12
CUST_04355,small_business,APAC,basic,2022-03-16
CUST_04356,enterprise,EU,standard,2021-05-11
CUST_04357,small_business,APAC,basic,2020-08-14
CUST_04358,small_business,LATAM,standard,2021-03-20
CUST_04359,enterprise,APAC,basic,2021-11-04
CUST_04360,individual,NA,standard,2021-07-23
CUST_04361,government,APAC,enterprise,2022-03-13
CUST_04362,individual,MEA,standard,2020-09-29
CUST_04363,enterprise,APAC,premium,2022-09-15
CUST_04364,small_business,NA,basic,2022-06-11
CUST_04365,small_business,LATAM,standard,2021-03-31
CUST_04366,individual,NA,standard,2022-12-24
CUST_04367,enterprise,EU,standard,2021-08-18
CUST_04368,individual,APAC,standard,2022-12-08
CUST_04369,small_business,APAC,standard,2021-01-08
CUST_04370,individual,EU,premium,2022-01-08
CUST_04371,small_business,NA,premium,2021-12-26
CUST_04372,small_business,NA,basic,2022-07-27
CUST_04373,enterprise,LATAM,standard,2021-04-08
CUST_04374,individual,APAC,premium,2020-12-03
CUST_04375,small_business,LATAM,standard,2020-12-15
CUST_04376,individual,NA,premium,2020-12-27
CUST_04377,individual,NA,standard,2022-10-29
CUST_04378,small_business,NA,standard,2020-12-28
CUST_04379,small_business,LATAM,premium,2022-06-25
CUST_04380,government,LATAM,standard,2022-07-09
CUST_04381,individual,MEA,enterprise,2022-05-27
CUST_04382,small_business,LATAM,enterprise,2020-12-12
CUST_04383,individual,NA,premium,2022-10-16
CUST_04384,small_business,NA,standard,2022-05-04
CUST_04385,enterprise,NA,standard,2022-04-26
CUST_04386,enterprise,LATAM,standard,2022-02-08
CUST_04387,small_business,NA,standard,2021-08-19
CUST_04388,small_business,EU,premium,2021-08-15
CUST_04389,individual,APAC,basic,2022-12-12
CUST_04390,small_business,NA,basic,2020-09-23
CUST_04391,government,EU,premium,2022-09-04
CUST_04392,individual,EU,premium,2020-08-03
CUST_04393,small_business,NA,standard,2021-10-08
CUST_04394,individual,NA,basic,2021-05-01
CUST_04395,small_business,EU,standard,2022-09-08
CUST_04396,individual,APAC,premium,2022-08-13
CUST_04397,small_business,EU,enterprise,2022-04-28
CUST_04398,individual,NA,premium,2022-09-23
CUST_04399,individual,EU,premium,2020-12-19
CUST_04400,enterprise,EU,basic,2022-11-17
CUST_04401,individual,EU,standard,2021-01-29
CUST_04402,enterprise,EU,standard,2021-05-29
CUST_04403,individual,APAC,premium,2020-12-23
CUST_04404,small_business,EU,standard,2022-06-26
CUST_04405,individual,EU,enterprise,2020-10-06
CUST_04406,enterprise,APAC,enterprise,2020-11-05
CUST_04407,individual,NA,enterprise,2022-05-05
CUST_04408,enterprise,APAC,premium,2020-08-09
CUST_04409,enterprise,NA,standard,2022-01-11
CUST_04410,enterprise,NA,basic,2020-12-17
CUST_04411,small_business,LATAM,basic,2020-10-26
CUST_04412,individual,EU,premium,2020-12-15
CUST_04413,government,APAC,premium,2022-09-29
CUST_04414,individual,EU,premium,2020-12-10
CUST_04415,small_business,NA,premium,2022-12-27
CUST_04416,small_business,MEA,basic,2021-01-28
CUST_04417,small_business,NA,enterprise,2022-08-06
CUST_04418,individual,APAC,premium,2022-09-05
CUST_04419,individual,NA,premium,2021-01-14
CUST_04420,government,EU,premium,2022-08-12
CUST_04421,individual,EU,premium,2022-10-02
CUST_04422,individual,EU,basic,2022-06-30
CUST_04423,individual,EU,basic,2022-08-15
CUST_04424,small_business,APAC,enterprise,2020-11-14
CUST_04425,individual,NA,enterprise,2020-11-28
CUST_04426,small_business,NA,standard,2021-10-17
CUST_04427,individual,NA,basic,2022-07-02
CUST_04428,small_business,LATAM,premium,2020-10-28
CUST_04429,small_business,NA,premium,2022-07-05
CUST_04430,individual,NA,premium,2021-02-01
CUST_04431,individual,EU,enterprise,2020-08-04
CUST_04432,individual,APAC,enterprise,2022-08-01
CUST_04433,small_business,EU,basic,2020-09-11
CUST_04434,small_business,APAC,standard,2022-01-08
CUST_04435,small_business,APAC,basic,2020-12-03
CUST_04436,small_business,NA,enterprise,2020-12-30
CUST_04437,small_business,EU,basic,2021-01-20
CUST_04438,small_business,APAC,premium,2022-05-12
CUST_04439,government,NA,basic,2021-10-24
CUST_04440,government,EU,standard,2021-12-01
CUST_04441,individual,LATAM,basic,2022-12-05
CUST_04442,individual,NA,premium,2022-07-26
CUST_04443,individual,MEA,enterprise,2021-10-26
CUST_04444,individual,EU,standard,2021-06-10
CUST_04445,small_business,NA,standard,2022-10-31
CUST_04446,individual,APAC,basic,2021-10-22
CUST_04447,enterprise,NA,basic,2022-08-25
CUST_04448,enterprise,EU,enterprise,2022-09-14
CUST_04449,individual,NA,premium,2020-09-06
CUST_04450,enterprise,APAC,basic,2021-01-13
CUST_04451,small_business,NA,basic,2022-08-27
CUST_04452,individual,EU,enterprise,2021-08-11
CUST_04453,small_business,APAC,standard,2021-10-25
CUST_04454,enterprise,NA,basic,2021-10-05
CUST_04455,small_business,APAC,standard,2022-03-16
CUST_04456,individual,NA,basic,2021-08-28
CUST_04457,enterprise,NA,premium,2021-09-16
CUST_04458,individual,NA,standard,2020-11-05
CUST_04459,individual,APAC,basic,2022-06-03
CUST_04460,individual,LATAM,premium,2021-06-13
CUST_04461,individual,EU,basic,2022-10-01
CUST_04462,small_business,EU,basic,2022-12-19
CUST_04463,small_business,APAC,premium,2021-09-30
CUST_04464,individual,EU,premium,2022-09-13
CUST_04465,government,APAC,standard,2022-06-15
CUST_04466,small_business,EU,basic,2022-11-07
CUST_04467,small_business,NA,basic,2022-11-14
CUST_04468,enterprise,NA,enterprise,2022-03-25
CUST_04469,small_business,NA,standard,2022-09-07
CUST_04470,small_business,NA,standard,2022-06-29
CUST_04471,individual,LATAM,premium,2021-10-01
CUST_04472,individual,EU,basic,2022-12-02
CUST_04473,individual,EU,standard,2021-02-13
CUST_04474,enterprise,APAC,standard,2022-07-25
CUST_04475,enterprise,LATAM,standard,2022-04-16
CUST_04476,enterprise,LATAM,standard,2022-08-02
CUST_04477,individual,EU,standard,2020-09-03
CUST_04478,individual,LATAM,basic,2022-11-04
CUST_04479,government,EU,standard,2022-02-17
CUST_04480,government,EU,basic,2022-10-24
CUST_04481,enterprise,NA,standard,2021-02-18
CUST_04482,small_business,LATAM,basic,2020-11-26
CUST_04483,small_business,EU,standard,2021-06-15
CUST_04484,individual,APAC,premium,2020-08-06
CUST_04485,small_business,APAC,standard,2022-02-13
CUST_04486,individual,MEA,basic,2020-10-20
CUST_04487,individual,NA,standard,2022-11-24
CUST_04488,enterprise,NA,premium,2020-09-12
CUST_04489,small_business,LATAM,premium,2021-07-09
CUST_04490,government,APAC,standard,2022-06-12
CUST_04491,small_business,EU,basic,2021-11-03
CUST_04492,individual,EU,basic,2021-11-07
CUST_04493,enterprise,MEA,basic,2021-08-23
CUST_04494,individual,NA,standard,2022-04-04
CUST_04495,individual,APAC,premium,2021-10-11
CUST_04496,individual,APAC,enterprise,2021-02-15
CUST_04497,small_business,NA,standard,2022-09-07
CUST_04498,government,EU,basic,2021-01-03
CUST_04499,enterprise,NA,premium,2020-08-16
CUST_04500,government,APAC,basic,2021-09-10
CUST_04501,individual,EU,enterprise,2020-08-20
CUST_04502,individual,NA,basic,2022-07-23
CUST_04503,small_business,APAC,standard,2021-02-24
CUST_04504,small_business,NA,enterprise,2021-06-22
CUST_04505,government,APAC,basic,2021-01-31
CUST_04506,small_business,EU,standard,2021-08-03
CUST_04507,enterprise,APAC,standard,2022-08-04
CUST_04508,enterprise,NA,standard,2022-12-10
CUST_04509,small_business,EU,standard,2022-03-11
CUST_04510,enterprise,EU,premium,2020-08-13
CUST_04511,individual,EU,standard,2022-04-10
CUST_04512,individual,NA,premium,2021-09-26
CUST_04513,government,LATAM,standard,2020-12-07
CUST_04514,enterprise,EU,standard,2021-07-31
CUST_04515,individual,LATAM,standard,2022-10-30
CUST_04516,enterprise,NA,basic,2021-09-03
CUST_04517,individual,APAC,premium,2022-07-01
CUST_04518,enterprise,EU,basic,2021-05-02
CUST_04519,individual,APAC,premium,2022-07-24
CUST_04520,small_business,EU,premium,2022-03-31
CUST_04521,enterprise,EU,standard,2021-08-03
CUST_04522,individual,APAC,standard,2021-02-14
CUST_04523,government,EU,standard,2022-04-03
CUST_04524,individual,EU,premium,2022-04-12
CUST_04525,enterprise,NA,standard,2022-09-08
CUST_04526,individual,NA,premium,2021-03-15
CUST_04527,individual,EU,premium,2020-09-26
CUST_04528,small_business,EU,standard,2021-12-11
CUST_04529,individual,APAC,standard,2020-10-06
CUST_04530,enterprise,APAC,standard,2022-06-29
CUST_04531,individual,NA,standard,2021-10-27
CUST_04532,small_business,NA,standard,2021-12-05
CUST_04533,small_business,APAC,enterprise,2021-10-19
CUST_04534,individual,EU,standard,2022-10-27
CUST_04535,individual,NA,standard,2021-12-02
CUST_04536,individual,MEA,standard,2020-11-14
CUST_04537,individual,APAC,basic,2021-06-21
CUST_04538,individual,EU,standard,2020-10-15
CUST_04539,enterprise,NA,standard,2021-01-18
CUST_04540,small_business,EU,premium,2022-08-14
CUST_04541,government,EU,basic,2020-11-22
CUST_04542,small_business,EU,basic,2022-12-10
CUST_04543,small_business,NA,basic,2022-05-27
CUST_04544,government,NA,premium,2020-12-20
CUST_04545,individual,APAC,enterprise,2021-03-17
CUST_04546,enterprise,MEA,premium,2020-12-31
CUST_04547,individual,NA,standard,2021-11-10
CUST_04548,enterprise,NA,enterprise,2022-11-18
CUST_04549,enterprise,NA,standard,2021-11-17
CUST_04550,individual,APAC,basic,2022-07-16
CUST_04551,individual,MEA,premium,2021-08-12
CUST_04552,individual,NA,basic,2022-02-10
CUST_04553,small_business,LATAM,premium,2022-03-27
CUST_04554,individual,EU,standard,2022-10-29
CUST_04555,small_business,APAC,premium,2020-11-27
CUST_04556,individual,EU,premium,2021-05-03
CUST_04557,small_business,APAC,standard,2021-06-21
CUST_04558,small_business,LATAM,basic,2021-11-17
CUST_04559,small_business,EU,basic,2022-10-12
CUST_04560,individual,EU,premium,2022-09-16
CUST_04561,enterprise,APAC,standard,2021-11-24
CUST_04562,small_business,LATAM,standard,2021-04-10
CUST_04563,small_business,EU,enterprise,2021-01-16
CUST_04564,government,EU,standard,2021-10-08
CUST_04565,individual,EU,standard,2021-01-26
CUST_04566,enterprise,NA,standard,2022-04-09
CUST_04567,government,APAC,basic,2022-08-27
CUST_04568,small_business,APAC,premium,2022-11-03
CUST_04569,enterprise,APAC,enterprise,2022-04-24
CUST_04570,small_business,EU,premium,2022-01-07
CUST_04571,individual,EU,standard,2020-12-17
CUST_04572,individual,APAC,standard,2020-11-03
CUST_04573,small_business,EU,standard,2022-04-22
CUST_04574,individual,APAC,basic,2021-07-23
CUST_04575,small_business,NA,standard,2021-12-09
CUST_04576,small_business,NA,standard,2021-03-06
CUST_04577,small_business,APAC,basic,2021-05-17
CUST_04578,individual,NA,enterprise,2021-12-13
CUST_04579,small_business,NA,enterprise,2020-08-02
CUST_04580,small_business,EU,standard,2022-11-11
CUST_04581,individual,EU,basic,2020-09-14
CUST_04582,enterprise,NA,standard,2021-12-25
CUST_04583,small_business,EU,standard,2022-12-03
CUST_04584,small_business,APAC,standard,2022-02-09
CUST_04585,government,NA,standard,2021-04-18
CUST_04586,individual,NA,premium,2021-12-19
CUST_04587,individual,EU,standard,2022-08-21
CUST_04588,enterprise,NA,standard,2021-01-14
CUST_04589,individual,NA,standard,2021-04-23
CUST_04590,small_business,NA,basic,2021-01-20
CUST_04591,government,EU,premium,2022-09-02
CUST_04592,individual,NA,enterprise,2020-10-06
CUST_04593,small_business,MEA,standard,2021-02-28
CUST_04594,small_business,EU,premium,2021-04-14
CUST_04595,individual,NA,basic,2022-03-20
CUST_04596,small_business,NA,standard,2020-08-12
CUST_04597,small_business,MEA,standard,2021-07-21
CUST_04598,small_business,MEA,basic,2021-07-01
CUST_04599,individual,EU,standard,2021-11-22
CUST_04600,small_business,EU,standard,2022-06-15
CUST_04601,enterprise,NA,standard,2021-12-31
CUST_04602,individual,APAC,basic,2020-10-02
CUST_04603,individual,NA,premium,2020-10-12
CUST_04604,individual,NA,premium,2022-10-16
CUST_04605,individual,NA,basic,2022-06-07
CUST_04606,small_business,NA,premium,2021-08-29
CUST_04607,individual,EU,premium,2020-12-15
CUST_04608,individual,APAC,basic,2021-06-13
CUST_04609,individual,APAC,basic,2022-04-05
CUST_04610,government,NA,basic,2021-02-13
CUST_04611,small_business,APAC,standard,2020-07-16
CUST_04612,individual,APAC,enterprise,2022-04-02
CUST_04613,individual,APAC,standard,2022-02-23
CUST_04614,small_business,NA,standard,2020-12-05
CUST_04615,individual,NA,premium,2022-09-09
CUST_04616,individual,NA,enterprise,2021-09-30
CUST_04617,individual,EU,premium,2020-12-14
CUST_04618,government,APAC,standard,2020-09-18
CUST_04619,government,EU,enterprise,2021-11-20
CUST_04620,enterprise,NA,basic,2021-03-16
CUST_04621,small_business,NA,basic,2022-06-19
CUST_04622,enterprise,EU,standard,2022-07-12
CUST_04623,enterprise,LATAM,standard,2022-12-20
CUST_04624,small_business,NA,premium,2021-04-20
CUST_04625,enterprise,MEA,premium,2022-04-15
CUST_04626,individual,APAC,basic,2021-04-18
CUST_04627,government,MEA,standard,2021-06-22
CUST_04628,small_business,NA,standard,2022-05-12
CUST_04629,individual,NA,standard,2022-11-26
CUST_04630,enterprise,LATAM,premium,2020-12-04
CUST_04631,individual,NA,premium,2021-10-07
CUST_04632,small_business,NA,enterprise,2020-08-22
CUST_04633,individual,MEA,basic,2022-04-16
CUST_04634,enterprise,MEA,basic,2021-10-21
CUST_04635,individual,EU,premium,2020-07-15
CUST_04636,individual,NA,standard,2022-05-24
CUST_04637,small_business,APAC,basic,2021-03-15
CUST_04638,small_business,APAC,premium,2021-02-15
CUST_04639,individual,APAC,basic,2021-07-01
CUST_04640,small_business,EU,premium,2020-07-20
CUST_04641,small_business,EU,standard,2021-05-18
CUST_04642,individual,EU,standard,2022-07-27
CUST_04643,enterprise,APAC,standard,2022-02-22
CUST_04644,government,NA,standard,2022-08-18
CUST_04645,enterprise,NA,premium,2021-02-03
CUST_04646,individual,EU,basic,2022-10-02
CUST_04647,enterprise,MEA,standard,2021-12-07
CUST_04648,small_business,NA,basic,2022-06-07
CUST_04649,enterprise,APAC,standard,2022-07-19
CUST_04650,small_business,NA,premium,2022-07-31
CUST_04651,government,MEA,premium,2021-08-08
CUST_04652,individual,LATAM,basic,2021-05-31
CUST_04653,individual,NA,premium,2022-11-12
CUST_04654,small_business,EU,basic,2022-08-05
CUST_04655,individual,APAC,basic,2022-05-11
CUST_04656,individual,NA,basic,2021-07-16
CUST_04657,individual,EU,basic,2022-12-02
CUST_04658,small_business,APAC,premium,2021-06-09
CUST_04659,enterprise,APAC,premium,2022-08-30
CUST_04660,individual,NA,basic,2021-12-16
CUST_04661,individual,NA,basic,2020-12-21
CUST_04662,individual,EU,enterprise,2021-03-07
CUST_04663,individual,LATAM,standard,2020-11-19
CUST_04664,individual,EU,standard,2020-11-23
CUST_04665,enterprise,EU,basic,2022-02-13
CUST_04666,individual,LATAM,standard,2020-09-01
CUST_04667,small_business,NA,basic,2020-12-12
CUST_04668,enterprise,NA,premium,2021-11-14
CUST_04669,enterprise,NA,premium,2022-03-22
CUST_04670,government,MEA,standard,2021-10-10
CUST_04671,enterprise,NA,enterprise,2022-11-15
CUST_04672,individual,MEA,premium,2021-10-26
CUST_04673,individual,NA,enterprise,2021-11-25
CUST_04674,enterprise,NA,basic,2022-10-01
CUST_04675,small_business,LATAM,enterprise,2022-03-19
CUST_04676,individual,EU,standard,2021-11-19
CUST_04677,small_business,LATAM,standard,2020-11-02
CUST_04678,small_business,NA,standard,2021-12-21
CUST_04679,enterprise,APAC,standard,2021-06-19
CUST_04680,individual,EU,standard,2020-12-19
CUST_04681,small_business,EU,basic,2021-04-20
CUST_04682,small_business,NA,basic,2021-10-15
CUST_04683,small_business,EU,standard,2022-09-02
CUST_04684,small_business,MEA,premium,2021-08-23
CUST_04685,enterprise,NA,basic,2020-10-01
CUST_04686,small_business,NA,standard,2022-10-14
CUST_04687,small_business,LATAM,basic,2021-05-03
CUST_04688,individual,NA,basic,2021-10-17
CUST_04689,enterprise,APAC,standard,2020-08-15
CUST_04690,government,EU,standard,2020-07-22
CUST_04691,individual,NA,enterprise,2021-06-14
CUST_04692,enterprise,APAC,enterprise,2021-05-26
CUST_04693,individual,NA,basic,2021-09-16
CUST_04694,individual,EU,enterprise,2022-09-03
CUST_04695,small_business,EU,premium,2021-02-13
CUST_04696,small_business,EU,standard,2022-06-26
CUST_04697,enterprise,NA,premium,2020-08-30
CUST_04698,small_business,NA,basic,2021-01-02
CUST_04699,small_business,LATAM,standard,2022-07-04
CUST_04700,individual,EU,standard,2021-07-26
CUST_04701,small_business,EU,premium,2022-04-06
CUST_04702,small_business,EU,enterprise,2022-09-16
CUST_04703,enterprise,NA,basic,2021-08-22
CUST_04704,enterprise,NA,standard,2021-08-02
CUST_04705,individual,APAC,basic,2020-08-20
CUST_04706,enterprise,EU,basic,2021-05-23
CUST_04707,individual,APAC,basic,2021-11-19
CUST_04708,individual,APAC,standard,2022-03-26
CUST_04709,government,EU,basic,2022-08-15
CUST_04710,individual,LATAM,enterprise,2021-08-04
CUST_04711,individual,EU,standard,2020-12-24
CUST_04712,enterprise,NA,basic,2021-08-22
CUST_04713,small_business,LATAM,premium,2022-06-28
CUST_04714,individual,NA,standard,2022-10-01
CUST_04715,individual,EU,standard,2021-06-25
CUST_04716,enterprise,APAC,standard,2021-08-26
CUST_04717,individual,APAC,enterprise,2021-03-16
CUST_04718,small_business,LATAM,basic,2021-05-23
CUST_04719,individual,NA,basic,2021-09-14
CUST_04720,enterprise,NA,premium,2022-10-05
CUST_04721,individual,EU,premium,2022-11-18
CUST_04722,small_business,NA,premium,2020-10-11
CUST_04723,individual,APAC,basic,2022-11-18
CUST_04724,individual,NA,standard,2022-02-14
CUST_04725,small_business,NA,standard,2021-01-14
CUST_04726,enterprise,APAC,premium,2021-05-24
CUST_04727,enterprise,EU,standard,2022-03-07
CUST_04728,individual,APAC,premium,2021-07-16
CUST_04729,small_business,EU,standard,2020-07-30
CUST_04730,enterprise,NA,standard,2022-03-22
CUST_04731,government,APAC,standard,2020-12-12
CUST_04732,individual,EU,premium,2022-08-10
CUST_04733,government,NA,standard,2021-06-29
CUST_04734,individual,LATAM,premium,2022-10-21
CUST_04735,individual,NA,basic,2020-10-30
CUST_04736,small_business,EU,basic,2022-06-28
CUST_04737,individual,LATAM,basic,2020-10-21
CUST_04738,enterprise,EU,basic,2020-11-10
CUST_04739,enterprise,NA,premium,2022-07-30
CUST_04740,individual,NA,premium,2021-06-22
CUST_04741,individual,APAC,standard,2021-05-09
CUST_04742,small_business,MEA,enterprise,2022-03-01
CUST_04743,government,EU,standard,2022-07-04
CUST_04744,individual,NA,enterprise,2020-10-07
CUST_04745,enterprise,MEA,basic,2022-08-13
CUST_04746,small_business,NA,basic,2020-09-18
CUST_04747,individual,NA,basic,2021-12-29
CUST_04748,individual,NA,basic,2021-11-21
CUST_04749,individual,EU,premium,2022-12-23
CUST_04750,small_business,EU,standard,2020-11-08
CUST_04751,individual,NA,standard,2022-02-19
CUST_04752,small_business,APAC,standard,2022-05-07
CUST_04753,individual,NA,basic,2020-10-26
CUST_04754,small_business,EU,standard,2021-01-28
CUST_04755,individual,NA,basic,2021-10-03
CUST_04756,small_business,NA,premium,2022-07-13
CUST_04757,small_business,EU,standard,2022-05-07
CUST_04758,individual,LATAM,basic,2022-10-08
CUST_04759,small_business,MEA,premium,2021-02-18
CUST_04760,individual,EU,standard,2020-10-11
CUST_04761,enterprise,EU,enterprise,2022-12-22
CUST_04762,individual,EU,premium,2022-11-11
CUST_04763,individual,NA,basic,2020-12-26
CUST_04764,government,LATAM,standard,2020-10-06
CUST_04765,small_business,APAC,basic,2021-03-24
CUST_04766,enterprise,NA,standard,2022-11-18
CUST_04767,government,EU,premium,2021-01-10
CUST_04768,individual,NA,standard,2022-11-12
CUST_04769,government,APAC,standard,2021-12-23
CUST_04770,small_business,LATAM,premium,2020-09-04
CUST_04771,individual,NA,standard,2021-02-07
CUST_04772,small_business,MEA,premium,2022-12-20
CUST_04773,individual,LATAM,basic,2022-03-23
CUST_04774,individual,LATAM,premium,2021-10-20
CUST_04775,individual,EU,enterprise,2022-03-16
CUST_04776,individual,EU,standard,2022-09-27
CUST_04777,government,MEA,standard,2021-04-11
CUST_04778,small_business,NA,standard,2022-01-12
CUST_04779,enterprise,NA,standard,2021-05-31
CUST_04780,individual,NA,standard,2022-11-28
CUST_04781,individual,MEA,standard,2021-05-20
CUST_04782,individual,NA,standard,2020-09-09
CUST_04783,small_business,NA,standard,2021-10-09
CUST_04784,small_business,NA,premium,2022-04-29
CUST_04785,government,EU,premium,2022-08-26
CUST_04786,small_business,MEA,premium,2021-05-28
CUST_04787,enterprise,NA,premium,2021-12-14
CUST_04788,enterprise,NA,standard,2021-09-19
CUST_04789,individual,APAC,basic,2022-01-31
CUST_04790,individual,NA,standard,2022-12-21
CUST_04791,individual,NA,standard,2022-04-15
CUST_04792,individual,EU,basic,2021-09-18
CUST_04793,small_business,NA,basic,2022-06-24
CUST_04794,small_business,EU,premium,2022-05-22
CUST_04795,enterprise,NA,premium,2022-10-22
CUST_04796,individual,APAC,standard,2021-03-14
CUST_04797,enterprise,EU,premium,2022-01-02
CUST_04798,individual,APAC,enterprise,2021-06-11
CUST_04799,enterprise,EU,basic,2022-07-30
CUST_04800,enterprise,NA,standard,2021-10-04
CUST_04801,individual,NA,enterprise,2022-03-19
CUST_04802,enterprise,NA,enterprise,2021-09-21
CUST_04803,individual,LATAM,standard,2020-10-15
CUST_04804,government,EU,premium,2020-08-03
CUST_04805,individual,NA,premium,2020-11-03
CUST_04806,individual,NA,basic,2020-08-21
CUST_04807,individual,APAC,premium,2020-10-07
CUST_04808,individual,APAC,standard,2022-01-04
CUST_04809,small_business,NA,standard,2021-09-14
CUST_04810,enterprise,APAC,basic,2021-10-03
CUST_04811,individual,APAC,premium,2022-05-15
CUST_04812,small_business,EU,basic,2021-10-17
CUST_04813,small_business,NA,standard,2021-04-19
CUST_04814,small_business,NA,standard,2021-07-13
CUST_04815,enterprise,EU,enterprise,2020-12-22
CUST_04816,individual,EU,basic,2022-09-15
CUST_04817,enterprise,EU,basic,2021-12-17
CUST_04818,individual,EU,premium,2022-02-15
CUST_04819,small_business,EU,enterprise,2022-07-14
CUST_04820,small_business,NA,standard,2022-11-17
CUST_04821,small_business,APAC,premium,2022-05-04
CUST_04822,small_business,APAC,premium,2020-08-06
CUST_04823,individual,EU,standard,2022-07-27
CUST_04824,small_business,EU,premium,2020-10-01
CUST_04825,small_business,NA,premium,2020-07-28
CUST_04826,individual,NA,standard,2022-07-13
CUST_04827,small_business,EU,basic,2022-07-04
CUST_04828,small_business,EU,standard,2021-04-01
CUST_04829,enterprise,MEA,basic,2022-07-26
CUST_04830,individual,NA,basic,2022-03-22
CUST_04831,small_business,APAC,enterprise,2020-08-04
CUST_04832,small_business,NA,standard,2021-12-29
CUST_04833,small_business,APAC,premium,2021-02-11
CUST_04834,individual,EU,basic,2022-11-26
CUST_04835,small_business,MEA,basic,2020-12-31
CUST_04836,small_business,NA,basic,2020-12-28
CUST_04837,individual,EU,enterprise,2021-01-19
CUST_04838,enterprise,NA,premium,2022-11-20
CUST_04839,enterprise,APAC,standard,2021-10-31
CUST_04840,individual,NA,basic,2022-06-14
CUST_04841,individual,MEA,basic,2020-12-30
CUST_04842,enterprise,NA,premium,2021-09-21
CUST_04843,small_business,EU,standard,2021-04-16
CUST_04844,small_business,NA,basic,2022-12-09
CUST_04845,small_business,MEA,basic,2021-02-01
CUST_04846,enterprise,APAC,premium,2021-09-08
CUST_04847,individual,LATAM,basic,2022-07-23
CUST_04848,small_business,MEA,basic,2020-10-19
CUST_04849,individual,NA,enterprise,2021-06-26
CUST_04850,enterprise,NA,standard,2022-07-19
CUST_04851,individual,NA,premium,2022-09-02
CUST_04852,individual,NA,basic,2021-11-12
CUST_04853,small_business,EU,premium,2020-08-23
CUST_04854,government,EU,enterprise,2020-07-17
CUST_04855,enterprise,EU,premium,2022-07-29
CUST_04856,individual,EU,standard,2021-12-27
CUST_04857,individual,EU,premium,2020-10-21
CUST_04858,individual,APAC,standard,2021-10-17
CUST_04859,individual,NA,standard,2020-11-04
CUST_04860,individual,NA,standard,2022-12-24
CUST_04861,individual,EU,basic,2022-06-21
CUST_04862,individual,NA,basic,2020-08-30
CUST_04863,individual,NA,basic,2022-05-25
CUST_04864,enterprise,APAC,enterprise,2020-12-06
CUST_04865,individual,APAC,premium,2022-04-04
CUST_04866,small_business,NA,standard,2021-07-25
CUST_04867,small_business,MEA,standard,2021-08-15
CUST_04868,government,EU,premium,2022-09-23
CUST_04869,small_business,LATAM,basic,2022-05-01
CUST_04870,small_business,LATAM,premium,2021-02-27
CUST_04871,small_business,APAC,basic,2022-06-10
CUST_04872,small_business,APAC,premium,2020-12-25
CUST_04873,government,MEA,enterprise,2022-06-24
CUST_04874,enterprise,APAC,standard,2022-05-05
CUST_04875,individual,NA,basic,2020-09-19
CUST_04876,individual,APAC,basic,2021-01-08
CUST_04877,enterprise,APAC,standard,2021-11-12
CUST_04878,individual,MEA,basic,2020-07-31
CUST_04879,small_business,APAC,enterprise,2021-06-03
CUST_04880,small_business,EU,premium,2021-11-16
CUST_04881,small_business,LATAM,premium,2022-04-02
CUST_04882,small_business,LATAM,enterprise,2022-01-23
CUST_04883,government,EU,basic,2021-12-18
CUST_04884,small_business,MEA,basic,2021-12-02
CUST_04885,government,EU,standard,2020-09-27
CUST_04886,individual,NA,basic,2022-10-13
CUST_04887,individual,NA,basic,2021-01-17
CUST_04888,enterprise,EU,enterprise,2021-04-08
CUST_04889,enterprise,NA,basic,2022-01-17
CUST_04890,individual,EU,basic,2020-10-18
CUST_04891,government,EU,standard,2020-08-20
CUST_04892,individual,NA,enterprise,2022-12-19
CUST_04893,small_business,MEA,basic,2021-12-21
CUST_04894,enterprise,EU,basic,2022-06-30
CUST_04895,individual,LATAM,basic,2021-02-17
CUST_04896,government,APAC,standard,2022-04-23
CUST_04897,enterprise,NA,standard,2022-09-04
CUST_04898,individual,NA,standard,2020-12-27
CUST_04899,enterprise,EU,standard,2021-02-27
CUST_04900,enterprise,NA,enterprise,2021-02-03
CUST_04901,enterprise,NA,standard,2020-12-14
CUST_04902,individual,LATAM,premium,2022-07-14
CUST_04903,individual,NA,standard,2021-06-18
CUST_04904,individual,LATAM,standard,2022-02-10
CUST_04905,individual,EU,enterprise,2022-03-21
CUST_04906,small_business,NA,premium,2021-08-02
CUST_04907,enterprise,NA,premium,2021-03-06
CUST_04908,enterprise,EU,basic,2022-06-17
CUST_04909,small_business,NA,standard,2020-09-18
CUST_04910,small_business,APAC,standard,2022-01-17
CUST_04911,enterprise,APAC,basic,2021-10-03
CUST_04912,small_business,NA,standard,2021-02-02
CUST_04913,individual,NA,standard,2022-09-09
CUST_04914,individual,NA,premium,2020-11-11
CUST_04915,small_business,EU,basic,2021-10-09
CUST_04916,government,NA,enterprise,2021-12-21
CUST_04917,individual,EU,enterprise,2022-11-25
CUST_04918,individual,NA,premium,2022-07-03
CUST_04919,small_business,NA,basic,2021-09-14
CUST_04920,small_business,LATAM,basic,2022-12-05
CUST_04921,small_business,NA,standard,2020-10-13
CUST_04922,individual,LATAM,premium,2021-07-09
CUST_04923,enterprise,APAC,standard,2022-07-17
CUST_04924,enterprise,NA,basic,2021-04-04
CUST_04925,individual,APAC,standard,2021-11-27
CUST_04926,individual,APAC,standard,2022-06-25
CUST_04927,small_business,APAC,standard,2022-04-24
CUST_04928,individual,APAC,enterprise,2022-01-06
CUST_04929,enterprise,LATAM,premium,2022-05-06
CUST_04930,individual,NA,premium,2020-09-19
CUST_04931,individual,APAC,basic,2021-07-16
CUST_04932,small_business,NA,basic,2020-08-11
CUST_04933,small_business,APAC,premium,2020-09-02
CUST_04934,individual,EU,basic,2021-10-25
CUST_04935,individual,EU,enterprise,2021-09-08
CUST_04936,individual,LATAM,standard,2021-09-18
CUST_04937,individual,NA,standard,2020-10-17
CUST_04938,government,APAC,premium,2020-09-04
CUST_04939,enterprise,EU,basic,2021-08-16
CUST_04940,individual,EU,standard,2020-08-19
CUST_04941,government,MEA,basic,2021-06-09
CUST_04942,small_business,APAC,basic,2022-10-02
CUST_04943,government,EU,premium,2021-03-27
CUST_04944,individual,APAC,basic,2020-08-04
CUST_04945,individual,EU,basic,2021-10-05
CUST_04946,enterprise,NA,basic,2022-05-25
CUST_04947,government,MEA,basic,2022-07-20
CUST_04948,enterprise,EU,standard,2020-11-20
CUST_04949,small_business,NA,basic,2021-06-07
CUST_04950,government,LATAM,standard,2020-12-28
CUST_04951,enterprise,MEA,standard,2022-06-27
CUST_04952,individual,MEA,standard,2021-12-11
CUST_04953,individual,LATAM,enterprise,2022-01-21
CUST_04954,individual,APAC,enterprise,2022-04-28
CUST_04955,enterprise,APAC,premium,2020-07-30
CUST_04956,enterprise,NA,standard,2021-07-06
CUST_04957,individual,EU,premium,2022-03-25
CUST_04958,individual,NA,standard,2022-02-13
CUST_04959,individual,EU,standard,2022-08-30
CUST_04960,small_business,NA,basic,2021-02-25
CUST_04961,individual,APAC,basic,2021-02-24
CUST_04962,individual,APAC,premium,2022-05-12
CUST_04963,small_business,APAC,premium,2021-12-02
CUST_04964,individual,APAC,premium,2022-11-16
CUST_04965,individual,NA,basic,2022-07-07
CUST_04966,government,APAC,standard,2021-10-20
CUST_04967,government,NA,basic,2020-11-08
CUST_04968,enterprise,NA,standard,2022-12-15
CUST_04969,small_business,APAC,standard,2021-12-13
CUST_04970,small_business,NA,standard,2021-06-20
CUST_04971,small_business,APAC,basic,2020-10-01
CUST_04972,individual,NA,basic,2021-10-13
CUST_04973,government,APAC,basic,2020-07-28
CUST_04974,small_business,NA,premium,2022-10-02
CUST_04975,individual,NA,basic,2022-04-27
CUST_04976,enterprise,EU,enterprise,2021-11-14
CUST_04977,small_business,EU,standard,2022-11-25
CUST_04978,small_business,EU,basic,2022-07-17
CUST_04979,individual,LATAM,basic,2020-10-06
CUST_04980,small_business,APAC,basic,2021-03-05
CUST_04981,individual,APAC,standard,2022-01-19
CUST_04982,small_business,MEA,standard,2021-09-02
CUST_04983,small_business,EU,basic,2021-03-20
CUST_04984,government,LATAM,premium,2021-01-16
CUST_04985,small_business,NA,standard,2021-03-27
CUST_04986,enterprise,NA,basic,2021-07-26
CUST_04987,small_business,APAC,standard,2022-06-29
CUST_04988,individual,NA,basic,2021-05-11
CUST_04989,individual,APAC,premium,2021-08-22
CUST_04990,enterprise,NA,basic,2021-03-17
CUST_04991,small_business,LATAM,standard,2021-01-03
CUST_04992,individual,NA,enterprise,2021-09-13
CUST_04993,individual,NA,premium,2021-10-13
CUST_04994,small_business,NA,standard,2021-09-28
CUST_04995,enterprise,LATAM,basic,2020-09-18
CUST_04996,individual,LATAM,standard,2022-11-28
CUST_04997,individual,NA,basic,2022-04-26
CUST_04998,individual,APAC,standard,2022-11-24
CUST_04999,small_business,EU,basic,2021-10-22
CUST_05000,small_business,MEA,standard,2022-09-11
CUST_05001,enterprise,EU,standard,2021-05-29
CUST_05002,small_business,NA,basic,2021-01-20
CUST_05003,individual,EU,basic,2021-12-21
CUST_05004,individual,NA,basic,2021-11-04
CUST_05005,small_business,EU,basic,2022-10-13
CUST_05006,enterprise,EU,enterprise,2021-04-06
CUST_05007,enterprise,APAC,premium,2021-04-15
CUST_05008,individual,LATAM,standard,2021-10-13
CUST_05009,individual,MEA,premium,2020-07-20
CUST_05010,enterprise,LATAM,premium,2022-02-21
CUST_05011,small_business,APAC,premium,2022-02-23
CUST_05012,small_business,EU,enterprise,2021-05-08
CUST_05013,individual,EU,premium,2020-08-06
CUST_05014,individual,EU,basic,2021-05-23
CUST_05015,enterprise,LATAM,basic,2021-07-12
CUST_05016,enterprise,APAC,premium,2022-07-10
CUST_05017,individual,NA,standard,2021-10-28
CUST_05018,individual,APAC,premium,2022-05-23
CUST_05019,government,APAC,standard,2020-11-03
CUST_05020,enterprise,EU,enterprise,2022-09-21
CUST_05021,individual,NA,basic,2020-11-14
CUST_05022,small_business,NA,premium,2022-09-06
CUST_05023,enterprise,APAC,standard,2022-02-27
CUST_05024,enterprise,EU,basic,2021-03-27
CUST_05025,small_business,EU,standard,2020-10-04
CUST_05026,small_business,LATAM,basic,2022-04-26
CUST_05027,individual,NA,standard,2020-08-16
CUST_05028,individual,LATAM,basic,2021-04-16
CUST_05029,individual,NA,basic,2020-12-08
CUST_05030,enterprise,NA,premium,2022-06-07
CUST_05031,small_business,EU,premium,2020-07-30
CUST_05032,individual,APAC,standard,2022-01-28
CUST_05033,small_business,EU,premium,2022-12-30
CUST_05034,small_business,EU,premium,2021-05-24
CUST_05035,small_business,LATAM,basic,2021-12-28
CUST_05036,small_business,NA,premium,2021-11-21
CUST_05037,individual,NA,basic,2021-06-25
CUST_05038,small_business,NA,basic,2022-06-28
CUST_05039,individual,EU,enterprise,2020-12-04
CUST_05040,individual,LATAM,basic,2021-09-20
CUST_05041,individual,NA,basic,2022-09-13
CUST_05042,individual,NA,standard,2021-05-18
CUST_05043,individual,APAC,premium,2021-02-27
CUST_05044,individual,APAC,premium,2022-11-29
CUST_05045,small_business,LATAM,enterprise,2022-02-14
CUST_05046,small_business,LATAM,standard,2022-03-20
CUST_05047,individual,EU,basic,2020-09-29
CUST_05048,small_business,APAC,enterprise,2021-10-10
CUST_05049,enterprise,NA,basic,2022-11-24
CUST_05050,individual,APAC,basic,2022-05-13
CUST_05051,small_business,APAC,standard,2022-11-14
CUST_05052,individual,APAC,standard,2022-03-20
CUST_05053,individual,NA,standard,2022-01-22
CUST_05054,small_business,APAC,premium,2022-06-12
CUST_05055,individual,EU,basic,2020-10-11
CUST_05056,individual,NA,basic,2021-11-17
CUST_05057,small_business,NA,basic,2022-12-22
CUST_05058,individual,NA,basic,2021-09-09
CUST_05059,individual,APAC,basic,2021-10-20
CUST_05060,enterprise,EU,premium,2021-10-10
CUST_05061,enterprise,NA,standard,2021-04-17
CUST_05062,individual,APAC,basic,2020-11-26
CUST_05063,individual,NA,standard,2022-11-05
CUST_05064,individual,LATAM,enterprise,2020-12-10
CUST_05065,small_business,APAC,premium,2022-07-11
CUST_05066,individual,NA,premium,2020-10-12
CUST_05067,individual,NA,basic,2022-10-24
CUST_05068,government,APAC,premium,2020-10-07
CUST_05069,government,APAC,basic,2020-12-28
CUST_05070,individual,NA,premium,2022-03-08
CUST_05071,individual,EU,standard,2020-07-16
CUST_05072,small_business,LATAM,basic,2021-06-21
CUST_05073,small_business,APAC,basic,2021-09-01
CUST_05074,small_business,APAC,standard,2022-04-10
CUST_05075,individual,EU,premium,2020-08-02
CUST_05076,individual,NA,standard,2021-03-17
CUST_05077,small_business,EU,enterprise,2022-07-28
CUST_05078,enterprise,EU,basic,2021-08-02
CUST_05079,enterprise,NA,basic,2021-04-28
CUST_05080,individual,MEA,premium,2022-01-15
CUST_05081,individual,APAC,basic,2022-04-16
CUST_05082,enterprise,APAC,basic,2022-04-23
CUST_05083,small_business,EU,standard,2020-11-05
CUST_05084,government,APAC,basic,2022-10-07
CUST_05085,individual,NA,standard,2021-07-25
CUST_05086,individual,APAC,enterprise,2021-06-14
CUST_05087,individual,LATAM,standard,2021-02-15
CUST_05088,enterprise,MEA,basic,2020-08-09
CUST_05089,individual,APAC,basic,2022-11-26
CUST_05090,enterprise,LATAM,standard,2022-01-06
CUST_05091,individual,MEA,standard,2021-01-20
CUST_05092,individual,EU,premium,2020-11-10
CUST_05093,individual,NA,basic,2021-08-15
CUST_05094,government,APAC,basic,2021-06-10
CUST_05095,small_business,NA,standard,2022-03-11
CUST_05096,individual,NA,basic,2021-02-05
CUST_05097,individual,APAC,standard,2021-03-11
CUST_05098,individual,MEA,enterprise,2020-12-05
CUST_05099,small_business,APAC,premium,2022-06-08
CUST_05100,government,NA,standard,2020-08-31
CUST_05101,individual,EU,standard,2021-07-30
CUST_05102,small_business,LATAM,basic,2021-09-13
CUST_05103,individual,NA,premium,2021-04-13
CUST_05104,small_business,APAC,premium,2022-10-20
CUST_05105,small_business,LATAM,basic,2021-02-02
CUST_05106,individual,NA,premium,2022-06-29
CUST_05107,individual,APAC,basic,2020-07-17
CUST_05108,small_business,NA,basic,2022-06-26
CUST_05109,small_business,EU,standard,2022-07-11
CUST_05110,individual,EU,basic,2021-10-30
CUST_05111,individual,EU,standard,2022-08-09
CUST_05112,enterprise,NA,premium,2021-05-25
CUST_05113,small_business,NA,standard,2022-09-04
CUST_05114,individual,LATAM,enterprise,2020-11-05
CUST_05115,individual,NA,standard,2022-02-12
CUST_05116,enterprise,APAC,standard,2021-10-12
CUST_05117,individual,APAC,premium,2021-03-11
CUST_05118,individual,APAC,premium,2021-02-20
CUST_05119,enterprise,NA,standard,2022-10-16
CUST_05120,individual,NA,standard,2021-03-11
CUST_05121,small_business,NA,basic,2020-12-21
CUST_05122,individual,APAC,premium,2022-11-21
CUST_05123,individual,EU,premium,2022-05-17
CUST_05124,small_business,NA,premium,2022-10-08
CUST_05125,individual,NA,enterprise,2022-07-08
CUST_05126,enterprise,EU,basic,2021-02-22
CUST_05127,enterprise,NA,standard,2022-07-28
CUST_05128,enterprise,EU,standard,2021-11-16
CUST_05129,individual,NA,premium,2022-09-11
CUST_05130,small_business,NA,standard,2021-11-29
CUST_05131,individual,NA,basic,2020-08-28
CUST_05132,small_business,NA,standard,2021-05-28
CUST_05133,enterprise,LATAM,standard,2021-03-19
CUST_05134,small_business,NA,standard,2022-01-31
CUST_05135,enterprise,MEA,standard,2022-03-19
CUST_05136,government,EU,standard,2020-11-29
CUST_05137,individual,EU,basic,2022-03-04
CUST_05138,small_business,NA,basic,2021-10-12
CUST_05139,enterprise,NA,basic,2022-12-15
CUST_05140,individual,NA,basic,2021-04-15
CUST_05141,individual,NA,enterprise,2022-03-19
CUST_05142,small_business,LATAM,enterprise,2021-05-30
CUST_05143,enterprise,APAC,basic,2021-09-06
CUST_05144,enterprise,EU,premium,2021-11-11
CUST_05145,small_business,EU,standard,2021-05-22
CUST_05146,small_business,NA,basic,2021-01-16
CUST_05147,individual,APAC,basic,2022-05-22
CUST_05148,enterprise,EU,basic,2021-01-27
CUST_05149,small_business,APAC,basic,2022-01-10
CUST_05150,government,APAC,standard,2022-06-17
CUST_05151,small_business,NA,basic,2022-02-06
CUST_05152,small_business,NA,basic,2022-04-26
CUST_05153,enterprise,LATAM,standard,2022-12-31
CUST_05154,government,EU,basic,2021-10-31
CUST_05155,enterprise,EU,premium,2021-06-02
CUST_05156,enterprise,NA,standard,2021-07-04
CUST_05157,small_business,NA,standard,2021-10-12
CUST_05158,government,LATAM,basic,2021-06-11
CUST_05159,government,NA,premium,2021-04-17
CUST_05160,enterprise,APAC,premium,2022-06-07
CUST_05161,individual,EU,enterprise,2022-10-08
CUST_05162,small_business,APAC,premium,2021-06-25
CUST_05163,enterprise,APAC,premium,2022-07-04
CUST_05164,individual,NA,standard,2022-02-23
CUST_05165,government,NA,enterprise,2022-06-21
CUST_05166,individual,EU,basic,2022-05-15
CUST_05167,small_business,NA,premium,2020-08-15
CUST_05168,small_business,MEA,standard,2022-06-24
CUST_05169,small_business,EU,premium,2021-07-09
CUST_05170,small_business,APAC,premium,2021-01-14
CUST_05171,individual,MEA,standard,2021-12-03
CUST_05172,individual,NA,premium,2020-12-22
CUST_05173,individual,EU,basic,2021-06-29
CUST_05174,small_business,LATAM,premium,2022-04-23
CUST_05175,enterprise,EU,standard,2021-10-03
CUST_05176,government,NA,enterprise,2021-01-20
CUST_05177,individual,MEA,standard,2020-08-11
CUST_05178,small_business,NA,premium,2022-01-08
CUST_05179,small_business,NA,premium,2020-12-29
CUST_05180,enterprise,NA,standard,2021-12-20
CUST_05181,small_business,APAC,standard,2020-11-10
CUST_05182,individual,LATAM,standard,2022-09-27
CUST_05183,individual,EU,standard,2021-07-31
CUST_05184,small_business,LATAM,basic,2022-02-02
CUST_05185,individual,NA,standard,2021-03-21
CUST_05186,individual,EU,basic,2022-08-15
CUST_05187,small_business,EU,standard,2021-03-30
CUST_05188,small_business,APAC,standard,2021-05-07
CUST_05189,government,NA,premium,2021-05-24
CUST_05190,small_business,EU,standard,2021-06-14
CUST_05191,enterprise,EU,premium,2021-08-10
CUST_05192,individual,EU,standard,2021-05-27
CUST_05193,individual,NA,enterprise,2022-06-17
CUST_05194,enterprise,APAC,premium,2022-09-08
CUST_05195,individual,NA,premium,2021-07-19
CUST_05196,government,NA,standard,2021-05-16
CUST_05197,small_business,EU,enterprise,2022-03-08
CUST_05198,enterprise,EU,basic,2022-02-12
CUST_05199,individual,EU,premium,2021-07-23
CUST_05200,enterprise,LATAM,standard,2022-07-10
CUST_05201,individual,LATAM,basic,2021-11-19
CUST_05202,individual,EU,standard,2022-03-11
CUST_05203,small_business,LATAM,basic,2021-06-23
CUST_05204,individual,EU,basic,2021-07-18
CUST_05205,individual,NA,standard,2021-06-28
CUST_05206,small_business,NA,premium,2022-11-20
CUST_05207,individual,NA,premium,2021-06-16
CUST_05208,individual,EU,standard,2020-08-31
CUST_05209,enterprise,MEA,standard,2021-11-02
CUST_05210,government,NA,basic,2021-10-01
CUST_05211,enterprise,LATAM,basic,2022-05-29
CUST_05212,individual,NA,standard,2021-02-05
CUST_05213,individual,EU,premium,2021-05-01
CUST_05214,individual,NA,enterprise,2021-12-31
CUST_05215,individual,NA,basic,2021-06-02
CUST_05216,individual,EU,standard,2020-08-20
CUST_05217,enterprise,NA,standard,2022-11-09
CUST_05218,small_business,EU,premium,2022-12-13
CUST_05219,small_business,EU,basic,2020-07-16
CUST_05220,small_business,NA,basic,2020-11-24
CUST_05221,individual,EU,premium,2022-11-14
CUST_05222,individual,LATAM,standard,2022-04-18
CUST_05223,individual,EU,basic,2021-08-24
CUST_05224,individual,NA,standard,2021-11-17
CUST_05225,enterprise,EU,standard,2022-11-23
CUST_05226,individual,APAC,basic,2022-02-04
CUST_05227,enterprise,EU,standard,2021-08-30
CUST_05228,individual,LATAM,premium,2022-06-27
CUST_05229,government,NA,standard,2022-01-27
CUST_05230,individual,LATAM,standard,2022-03-06
CUST_05231,individual,NA,standard,2021-08-28
CUST_05232,enterprise,NA,basic,2020-10-19
CUST_05233,individual,EU,standard,2022-02-01
CUST_05234,individual,APAC,premium,2021-07-03
CUST_05235,individual,NA,premium,2022-08-14
CUST_05236,individual,APAC,basic,2022-07-15
CUST_05237,small_business,LATAM,standard,2022-12-29
CUST_05238,small_business,EU,premium,2022-09-30
CUST_05239,government,NA,premium,2021-09-05
CUST_05240,individual,APAC,basic,2021-09-14
CUST_05241,small_business,EU,basic,2021-03-15
CUST_05242,small_business,NA,standard,2022-02-07
CUST_05243,small_business,NA,standard,2022-06-30
CUST_05244,small_business,NA,premium,2022-01-12
CUST_05245,individual,LATAM,basic,2022-09-05
CUST_05246,government,NA,standard,2022-10-07
CUST_05247,individual,NA,enterprise,2021-07-09
CUST_05248,enterprise,NA,standard,2022-09-29
CUST_05249,individual,EU,basic,2022-05-11
CUST_05250,enterprise,APAC,standard,2022-08-10
CUST_05251,individual,LATAM,premium,2020-08-11
CUST_05252,small_business,NA,premium,2021-09-16
CUST_05253,individual,EU,premium,2021-05-27
CUST_05254,small_business,NA,premium,2021-04-24
CUST_05255,individual,NA,standard,2021-07-03
CUST_05256,individual,NA,standard,2021-10-27
CUST_05257,individual,APAC,premium,2022-05-01
CUST_05258,enterprise,EU,standard,2022-06-29
CUST_05259,individual,NA,standard,2021-07-03
CUST_05260,enterprise,APAC,standard,2022-01-05
CUST_05261,enterprise,EU,standard,2022-12-23
CUST_05262,individual,EU,basic,2021-01-31
CUST_05263,individual,NA,standard,2022-02-22
CUST_05264,individual,APAC,basic,2022-01-31
CUST_05265,small_business,EU,premium,2021-07-26
CUST_05266,individual,EU,premium,2022-01-02
CUST_05267,individual,EU,basic,2020-07-25
CUST_05268,individual,NA,standard,2020-12-02
CUST_05269,individual,NA,premium,2021-05-09
CUST_05270,government,MEA,basic,2020-09-20
CUST_05271,individual,EU,standard,2021-12-12
CUST_05272,small_business,EU,enterprise,2022-01-17
CUST_05273,individual,EU,standard,2022-12-03
CUST_05274,small_business,NA,standard,2021-06-13
CUST_05275,individual,NA,basic,2022-05-07
CUST_05276,enterprise,APAC,standard,2022-09-26
CUST_05277,small_business,EU,standard,2021-07-16
CUST_05278,individual,NA,premium,2021-11-28
CUST_05279,individual,LATAM,premium,2022-03-03
CUST_05280,small_business,LATAM,premium,2021-04-12
CUST_05281,small_business,EU,standard,2021-06-06
CUST_05282,enterprise,EU,premium,2021-08-17
CUST_05283,individual,APAC,standard,2021-07-18
CUST_05284,individual,EU,basic,2021-05-05
CUST_05285,individual,NA,standard,2021-05-14
CUST_05286,small_business,EU,premium,2021-02-22
CUST_05287,enterprise,APAC,premium,2022-03-01
CUST_05288,small_business,NA,standard,2020-08-04
CUST_05289,small_business,NA,basic,2022-01-30
CUST_05290,enterprise,EU,enterprise,2022-04-08
CUST_05291,enterprise,APAC,premium,2020-10-10
CUST_05292,enterprise,EU,premium,2022-07-22
CUST_05293,small_business,EU,standard,2022-10-09
CUST_05294,individual,NA,basic,2021-07-10
CUST_05295,small_business,APAC,premium,2022-09-07
CUST_05296,enterprise,EU,standard,2021-08-16
CUST_05297,enterprise,NA,enterprise,2022-01-22
CUST_05298,small_business,LATAM,basic,2020-10-09
CUST_05299,small_business,LATAM,enterprise,2020-12-25
CUST_05300,small_business,APAC,premium,2021-10-03
CUST_05301,small_business,NA,standard,2021-06-07
CUST_05302,enterprise,LATAM,standard,2022-05-20
CUST_05303,enterprise,EU,standard,2021-02-28
CUST_05304,individual,EU,premium,2020-11-20
CUST_05305,small_business,MEA,basic,2020-08-28
CUST_05306,small_business,NA,premium,2022-12-12
CUST_05307,small_business,NA,standard,2020-10-17
CUST_05308,small_business,NA,enterprise,2021-07-05
CUST_05309,individual,EU,standard,2022-08-17
CUST_05310,small_business,NA,basic,2020-12-22
CUST_05311,individual,EU,premium,2022-01-31
CUST_05312,enterprise,APAC,premium,2020-12-28
CUST_05313,individual,NA,basic,2022-08-16
CUST_05314,individual,APAC,basic,2022-10-22
CUST_05315,enterprise,LATAM,premium,2021-07-07
CUST_05316,small_business,EU,standard,2021-10-08
CUST_05317,individual,APAC,standard,2021-04-28
CUST_05318,individual,NA,standard,2020-10-06
CUST_05319,small_business,APAC,standard,2021-06-23
CUST_05320,individual,LATAM,premium,2021-10-18
CUST_05321,individual,APAC,basic,2021-02-19
CUST_05322,individual,APAC,premium,2020-09-13
CUST_05323,individual,EU,standard,2022-01-01
CUST_05324,individual,LATAM,basic,2022-03-10
CUST_05325,individual,MEA,standard,2021-02-25
CUST_05326,individual,EU,basic,2021-08-22
CUST_05327,individual,NA,basic,2021-05-03
CUST_05328,individual,APAC,standard,2022-12-28
CUST_05329,individual,NA,basic,2022-10-09
CUST_05330,individual,NA,basic,2021-01-10
CUST_05331,small_business,NA,premium,2021-04-03
CUST_05332,government,EU,enterprise,2021-03-23
CUST_05333,enterprise,NA,premium,2021-03-22
CUST_05334,enterprise,EU,basic,2021-12-15
CUST_05335,government,NA,premium,2021-06-21
CUST_05336,individual,EU,basic,2022-04-06
CUST_05337,individual,EU,standard,2020-08-07
CUST_05338,small_business,NA,standard,2021-02-08
CUST_05339,individual,NA,premium,2022-05-11
CUST_05340,small_business,APAC,enterprise,2021-05-22
CUST_05341,individual,APAC,standard,2021-11-16
CUST_05342,individual,APAC,enterprise,2020-08-04
CUST_05343,small_business,MEA,enterprise,2021-05-28
CUST_05344,individual,EU,premium,2022-03-23
CUST_05345,government,EU,premium,2020-07-23
CUST_05346,individual,MEA,basic,2021-01-08
CUST_05347,individual,APAC,standard,2020-11-26
CUST_05348,enterprise,NA,standard,2021-09-24
CUST_05349,individual,NA,standard,2021-10-23
CUST_05350,enterprise,MEA,enterprise,2020-10-16
CUST_05351,individual,EU,premium,2022-03-30
CUST_05352,enterprise,APAC,basic,2022-02-23
CUST_05353,government,EU,premium,2022-10-27
CUST_05354,small_business,NA,standard,2021-03-05
CUST_05355,small_business,MEA,basic,2022-05-07
CUST_05356,individual,NA,standard,2022-12-18
CUST_05357,enterprise,NA,premium,2021-04-22
CUST_05358,individual,LATAM,enterprise,2022-01-09
CUST_05359,individual,APAC,premium,2022-12-09
CUST_05360,individual,NA,basic,2022-04-06
CUST_05361,enterprise,MEA,enterprise,2022-10-24
CUST_05362,small_business,NA,premium,2022-10-06
CUST_05363,small_business,APAC,standard,2021-09-16
CUST_05364,individual,NA,basic,2022-12-12
CUST_05365,individual,APAC,premium,2020-08-26
CUST_05366,small_business,NA,basic,2022-03-30
CUST_05367,individual,APAC,premium,2021-03-14
CUST_05368,individual,EU,premium,2022-02-19
CUST_05369,individual,APAC,basic,2020-11-24
CUST_05370,individual,MEA,basic,2020-12-15
CUST_05371,small_business,EU,premium,2022-04-15
CUST_05372,enterprise,EU,basic,2022-07-04
CUST_05373,individual,MEA,premium,2020-10-11
CUST_05374,individual,NA,basic,2021-01-21
CUST_05375,small_business,NA,standard,2022-09-13
CUST_05376,small_business,EU,basic,2022-02-23
CUST_05377,individual,EU,premium,2022-05-26
CUST_05378,individual,NA,standard,2021-09-29
CUST_05379,small_business,NA,enterprise,2022-07-30
CUST_05380,enterprise,NA,standard,2020-10-12
CUST_05381,individual,LATAM,standard,2022-08-16
CUST_05382,individual,EU,standard,2021-06-24
CUST_05383,small_business,NA,standard,2021-04-22
CUST_05384,individual,NA,standard,2022-08-15
CUST_05385,individual,APAC,enterprise,2022-12-06
CUST_05386,enterprise,NA,standard,2022-06-21
CUST_05387,enterprise,NA,standard,2022-07-21
CUST_05388,individual,NA,premium,2021-06-01
CUST_05389,individual,EU,premium,2021-03-02
CUST_05390,individual,NA,basic,2020-09-30
CUST_05391,enterprise,NA,enterprise,2020-10-31
CUST_05392,individual,EU,basic,2021-08-12
CUST_05393,individual,NA,premium,2022-10-23
CUST_05394,small_business,NA,basic,2022-04-26
CUST_05395,individual,MEA,basic,2022-05-16
CUST_05396,enterprise,NA,premium,2022-08-20
CUST_05397,individual,NA,standard,2022-12-17
CUST_05398,individual,NA,enterprise,2022-03-31
CUST_05399,enterprise,NA,premium,2021-02-20
CUST_05400,small_business,EU,standard,2020-09-10
CUST_05401,individual,APAC,premium,2021-12-13
CUST_05402,small_business,NA,basic,2021-03-16
CUST_05403,small_business,NA,basic,2022-08-21
CUST_05404,small_business,NA,standard,2020-09-16
CUST_05405,individual,EU,enterprise,2021-02-07
CUST_05406,individual,LATAM,premium,2021-12-30
CUST_05407,small_business,EU,standard,2022-08-20
CUST_05408,individual,EU,basic,2021-07-01
CUST_05409,small_business,APAC,basic,2021-10-18
CUST_05410,small_business,EU,premium,2022-03-15
CUST_05411,small_business,APAC,premium,2022-04-15
CUST_05412,small_business,EU,premium,2021-07-24
CUST_05413,small_business,NA,standard,2022-11-02
CUST_05414,enterprise,EU,basic,2021-09-21
CUST_05415,individual,EU,basic,2020-09-13
CUST_05416,small_business,MEA,enterprise,2022-09-11
CUST_05417,small_business,EU,standard,2021-05-31
CUST_05418,individual,EU,basic,2021-11-14
CUST_05419,small_business,APAC,standard,2020-09-10
CUST_05420,enterprise,LATAM,basic,2021-04-19
CUST_05421,government,EU,premium,2020-10-19
CUST_05422,individual,NA,standard,2021-07-28
CUST_05423,individual,EU,enterprise,2021-08-03
CUST_05424,individual,NA,enterprise,2021-11-07
CUST_05425,individual,EU,basic,2020-08-08
CUST_05426,individual,NA,basic,2020-12-01
CUST_05427,small_business,APAC,premium,2020-07-28
CUST_05428,individual,LATAM,basic,2022-06-02
CUST_05429,enterprise,NA,basic,2021-06-19
CUST_05430,small_business,NA,basic,2020-12-31
CUST_05431,government,EU,standard,2021-04-15
CUST_05432,individual,EU,standard,2020-10-27
CUST_05433,small_business,NA,basic,2021-11-12
CUST_05434,enterprise,NA,enterprise,2020-08-14
CUST_05435,individual,EU,premium,2022-07-30
CUST_05436,enterprise,NA,standard,2021-09-21
CUST_05437,small_business,EU,standard,2020-11-01
CUST_05438,small_business,EU,premium,2022-11-17
CUST_05439,individual,EU,premium,2022-02-28
CUST_05440,small_business,APAC,basic,2020-08-09
CUST_05441,enterprise,EU,standard,2022-04-12
CUST_05442,individual,NA,basic,2021-04-30
CUST_05443,enterprise,MEA,standard,2021-01-31
CUST_05444,individual,EU,premium,2020-12-22
CUST_05445,enterprise,MEA,basic,2022-09-25
CUST_05446,small_business,NA,basic,2021-04-23
CUST_05447,small_business,EU,basic,2021-08-06
CUST_05448,individual,EU,premium,2022-08-01
CUST_05449,government,NA,basic,2020-08-16
CUST_05450,small_business,NA,basic,2020-11-12
CUST_05451,individual,EU,basic,2022-02-06
CUST_05452,individual,EU,standard,2022-03-17
CUST_05453,small_business,APAC,premium,2021-10-16
CUST_05454,individual,APAC,basic,2021-06-17
CUST_05455,individual,LATAM,premium,2020-09-24
CUST_05456,individual,APAC,enterprise,2021-01-26
CUST_05457,small_business,LATAM,premium,2021-07-25
CUST_05458,individual,LATAM,basic,2022-12-31
CUST_05459,individual,LATAM,basic,2021-07-07
CUST_05460,individual,LATAM,standard,2021-01-26
CUST_05461,individual,NA,basic,2021-12-30
CUST_05462,small_business,NA,standard,2022-05-19
CUST_05463,individual,EU,basic,2022-10-04
CUST_05464,individual,NA,premium,2022-08-12
CUST_05465,small_business,NA,standard,2021-01-28
CUST_05466,individual,NA,basic,2021-03-26
CUST_05467,government,NA,basic,2021-02-19
CUST_05468,enterprise,EU,premium,2022-10-31
CUST_05469,small_business,NA,basic,2021-10-22
CUST_05470,individual,NA,basic,2022-04-28
CUST_05471,small_business,EU,basic,2020-12-22
CUST_05472,enterprise,LATAM,basic,2022-08-24
CUST_05473,small_business,MEA,standard,2022-10-23
CUST_05474,individual,NA,premium,2022-04-06
CUST_05475,government,APAC,basic,2020-12-09
CUST_05476,individual,APAC,basic,2020-09-19
CUST_05477,enterprise,APAC,enterprise,2022-04-12
CUST_05478,individual,APAC,enterprise,2022-02-23
CUST_05479,small_business,LATAM,enterprise,2021-10-29
CUST_05480,government,LATAM,basic,2020-09-08
CUST_05481,government,NA,basic,2022-05-04
CUST_05482,individual,EU,premium,2021-04-01
CUST_05483,government,MEA,standard,2020-08-19
CUST_05484,individual,NA,standard,2021-10-27
CUST_05485,individual,MEA,standard,2022-07-18
CUST_05486,government,APAC,premium,2022-08-25
CUST_05487,enterprise,APAC,basic,2021-09-25
CUST_05488,government,EU,premium,2021-01-11
CUST_05489,enterprise,LATAM,enterprise,2020-10-22
CUST_05490,individual,NA,basic,2022-10-15
CUST_05491,government,EU,standard,2021-11-09
CUST_05492,enterprise,EU,premium,2022-03-31
CUST_05493,enterprise,NA,standard,2022-10-11
CUST_05494,small_business,EU,standard,2021-12-27
CUST_05495,individual,EU,enterprise,2020-09-28
CUST_05496,small_business,EU,standard,2022-02-27
CUST_05497,government,NA,standard,2022-03-29
CUST_05498,enterprise,NA,standard,2021-10-29
CUST_05499,enterprise,APAC,standard,2022-09-10
CUST_05500,individual,NA,standard,2020-08-21
CUST_05501,individual,APAC,standard,2022-01-01
CUST_05502,individual,APAC,basic,2021-11-18
CUST_05503,small_business,NA,basic,2020-09-15
CUST_05504,individual,NA,premium,2021-04-14
CUST_05505,small_business,NA,standard,2021-07-07
CUST_05506,individual,NA,premium,2021-10-19
CUST_05507,individual,NA,premium,2020-10-16
CUST_05508,individual,LATAM,standard,2022-07-02
CUST_05509,small_business,EU,basic,2020-10-03
CUST_05510,individual,NA,standard,2022-04-11
CUST_05511,enterprise,NA,premium,2020-09-17
CUST_05512,individual,NA,basic,2020-09-19
CUST_05513,enterprise,NA,premium,2022-03-22
CUST_05514,individual,APAC,basic,2022-12-02
CUST_05515,individual,EU,standard,2020-12-01
CUST_05516,government,EU,premium,2022-05-01
CUST_05517,small_business,NA,premium,2020-07-22
CUST_05518,small_business,NA,basic,2022-07-18
CUST_05519,individual,APAC,basic,2021-10-01
CUST_05520,small_business,EU,standard,2022-11-12
CUST_05521,individual,APAC,basic,2022-12-19
CUST_05522,individual,LATAM,standard,2022-09-04
CUST_05523,individual,APAC,standard,2022-09-22
CUST_05524,small_business,EU,premium,2021-11-03
CUST_05525,individual,APAC,premium,2020-11-17
CUST_05526,individual,LATAM,premium,2022-01-03
CUST_05527,small_business,EU,premium,2022-11-10
CUST_05528,small_business,NA,standard,2022-03-16
CUST_05529,enterprise,APAC,premium,2022-01-30
CUST_05530,enterprise,LATAM,standard,2022-10-15
CUST_05531,individual,EU,basic,2021-07-08
CUST_05532,individual,NA,standard,2022-07-15
CUST_05533,small_business,APAC,premium,2021-07-15
CUST_05534,small_business,EU,premium,2021-04-28
CUST_05535,enterprise,APAC,standard,2021-11-02
CUST_05536,individual,NA,premium,2022-09-10
CUST_05537,enterprise,EU,premium,2022-08-22
CUST_05538,enterprise,APAC,premium,2021-05-09
CUST_05539,small_business,EU,standard,2020-10-30
CUST_05540,individual,NA,standard,2022-05-14
CUST_05541,individual,LATAM,standard,2022-09-15
CUST_05542,enterprise,NA,premium,2021-06-20
CUST_05543,individual,APAC,standard,2020-10-20
CUST_05544,individual,LATAM,standard,2022-12-17
CUST_05545,individual,NA,premium,2022-06-17
CUST_05546,enterprise,NA,premium,2022-06-25
CUST_05547,individual,APAC,standard,2022-11-24
CUST_05548,enterprise,EU,premium,2021-12-06
CUST_05549,small_business,APAC,basic,2021-02-18
CUST_05550,small_business,EU,standard,2021-02-01
CUST_05551,individual,EU,premium,2022-04-25
CUST_05552,small_business,MEA,enterprise,2021-01-18
CUST_05553,small_business,LATAM,basic,2022-02-06
CUST_05554,individual,NA,standard,2022-03-02
CUST_05555,enterprise,EU,basic,2022-12-23
CUST_05556,individual,EU,enterprise,2020-09-21
CUST_05557,small_business,APAC,premium,2022-07-25
CUST_05558,individual,NA,premium,2022-09-08
CUST_05559,small_business,LATAM,standard,2022-03-12
CUST_05560,small_business,NA,basic,2022-12-08
CUST_05561,individual,LATAM,premium,2021-04-26
CUST_05562,enterprise,NA,basic,2020-08-06
CUST_05563,individual,NA,standard,2022-10-21
CUST_05564,individual,APAC,premium,2020-12-31
CUST_05565,small_business,EU,basic,2021-01-01
CUST_05566,enterprise,NA,premium,2021-04-12
CUST_05567,enterprise,NA,standard,2022-09-28
CUST_05568,individual,NA,basic,2020-11-13
CUST_05569,individual,EU,basic,2022-07-26
CUST_05570,small_business,APAC,standard,2021-10-24
CUST_05571,enterprise,NA,standard,2021-06-15
CUST_05572,individual,APAC,enterprise,2022-09-10
CUST_05573,individual,APAC,enterprise,2021-08-15
CUST_05574,individual,NA,basic,2021-12-16
CUST_05575,enterprise,EU,basic,2021-12-27
CUST_05576,individual,EU,enterprise,2022-11-16
CUST_05577,enterprise,APAC,standard,2022-05-14
CUST_05578,small_business,NA,basic,2022-03-08
CUST_05579,individual,APAC,enterprise,2020-11-02
CUST_05580,individual,APAC,standard,2022-11-25
CUST_05581,individual,EU,basic,2022-06-07
CUST_05582,individual,EU,basic,2021-12-04
CUST_05583,enterprise,APAC,standard,2021-03-16
CUST_05584,enterprise,EU,premium,2022-05-25
CUST_05585,individual,NA,enterprise,2021-07-08
CUST_05586,individual,NA,standard,2020-09-12
CUST_05587,individual,NA,premium,2021-01-09
CUST_05588,small_business,NA,basic,2021-06-04
CUST_05589,individual,NA,premium,2021-01-30
CUST_05590,small_business,MEA,premium,2022-06-25
CUST_05591,small_business,APAC,enterprise,2021-09-29
CUST_05592,individual,NA,basic,2021-03-04
CUST_05593,enterprise,APAC,basic,2022-10-24
CUST_05594,enterprise,APAC,enterprise,2022-06-02
CUST_05595,small_business,MEA,standard,2021-10-31
CUST_05596,small_business,EU,basic,2021-07-09
CUST_05597,individual,EU,standard,2022-11-09
CUST_05598,individual,APAC,basic,2022-04-07
CUST_05599,small_business,LATAM,enterprise,2021-05-06
CUST_05600,small_business,NA,premium,2020-10-25
CUST_05601,individual,NA,basic,2020-10-16
CUST_05602,individual,EU,premium,2020-11-02
CUST_05603,individual,NA,standard,2022-10-08
CUST_05604,government,NA,premium,2021-10-19
CUST_05605,government,APAC,standard,2021-02-02
CUST_05606,small_business,NA,standard,2020-12-08
CUST_05607,small_business,EU,standard,2021-01-04
CUST_05608,individual,NA,standard,2022-10-15
CUST_05609,small_business,LATAM,basic,2020-10-23
CUST_05610,small_business,NA,basic,2022-05-31
CUST_05611,enterprise,APAC,basic,2020-12-16
CUST_05612,individual,NA,basic,2021-03-14
CUST_05613,individual,NA,premium,2020-08-29
CUST_05614,small_business,EU,premium,2021-10-22
CUST_05615,small_business,MEA,basic,2022-07-17
CUST_05616,individual,NA,standard,2021-06-24
CUST_05617,individual,NA,premium,2021-11-14
CUST_05618,small_business,NA,standard,2022-09-17
CUST_05619,enterprise,MEA,basic,2021-05-13
CUST_05620,enterprise,NA,basic,2022-07-01
CUST_05621,small_business,MEA,enterprise,2020-10-10
CUST_05622,small_business,NA,enterprise,2022-04-04
CUST_05623,individual,EU,standard,2022-10-14
CUST_05624,individual,EU,premium,2021-09-27
CUST_05625,small_business,LATAM,basic,2022-05-25
CUST_05626,enterprise,NA,enterprise,2021-10-02
CUST_05627,enterprise,NA,standard,2022-12-21
CUST_05628,government,NA,basic,2022-06-26
CUST_05629,individual,EU,basic,2022-03-21
CUST_05630,individual,NA,basic,2020-09-26
CUST_05631,individual,EU,premium,2021-10-15
CUST_05632,government,LATAM,basic,2022-05-19
CUST_05633,government,NA,standard,2022-02-03
CUST_05634,individual,NA,standard,2020-12-16
CUST_05635,small_business,MEA,standard,2021-01-16
CUST_05636,small_business,APAC,basic,2021-09-15
CUST_05637,small_business,MEA,standard,2021-06-27
CUST_05638,enterprise,NA,standard,2020-09-12
CUST_05639,individual,NA,basic,2020-11-02
CUST_05640,small_business,EU,basic,2021-10-18
CUST_05641,small_business,EU,standard,2020-09-10
CUST_05642,individual,LATAM,standard,2022-02-24
CUST_05643,individual,NA,standard,2021-04-03
CUST_05644,small_business,EU,basic,2020-12-22
CUST_05645,individual,LATAM,standard,2020-09-18
CUST_05646,individual,APAC,enterprise,2020-11-21
CUST_05647,individual,LATAM,basic,2021-06-22
CUST_05648,individual,APAC,basic,2020-08-22
CUST_05649,enterprise,EU,basic,2020-11-02
CUST_05650,individual,EU,premium,2022-03-01
CUST_05651,enterprise,NA,basic,2022-04-11
CUST_05652,small_business,LATAM,standard,2022-07-08
CUST_05653,enterprise,NA,basic,2022-06-04
CUST_05654,individual,MEA,basic,2022-10-25
CUST_05655,individual,APAC,enterprise,2020-09-29
CUST_05656,individual,LATAM,basic,2021-04-08
CUST_05657,enterprise,NA,standard,2022-01-30
CUST_05658,enterprise,APAC,basic,2020-08-09
CUST_05659,individual,EU,standard,2021-06-07
CUST_05660,individual,APAC,standard,2020-11-19
CUST_05661,enterprise,NA,basic,2020-08-14
CUST_05662,individual,LATAM,standard,2022-08-19
CUST_05663,individual,EU,standard,2020-11-28
CUST_05664,small_business,MEA,basic,2022-08-25
CUST_05665,enterprise,APAC,premium,2022-10-01
CUST_05666,individual,EU,standard,2022-01-25
CUST_05667,enterprise,EU,enterprise,2021-04-15
CUST_05668,small_business,NA,basic,2022-08-08
CUST_05669,individual,EU,basic,2021-08-27
CUST_05670,small_business,EU,basic,2022-10-26
CUST_05671,enterprise,EU,standard,2020-07-28
CUST_05672,individual,NA,basic,2021-09-30
CUST_05673,individual,MEA,basic,2022-08-19
CUST_05674,individual,EU,premium,2022-09-21
CUST_05675,small_business,NA,standard,2021-10-25
CUST_05676,enterprise,NA,standard,2021-02-17
CUST_05677,enterprise,EU,standard,2021-12-05
CUST_05678,individual,LATAM,premium,2021-04-06
CUST_05679,individual,EU,premium,2022-12-05
CUST_05680,individual,EU,premium,2020-07-15
CUST_05681,small_business,NA,premium,2022-03-31
CUST_05682,individual,NA,basic,2022-01-04
CUST_05683,small_business,LATAM,standard,2022-02-10
CUST_05684,individual,NA,premium,2022-09-21
CUST_05685,small_business,NA,basic,2020-08-23
CUST_05686,individual,LATAM,standard,2021-05-06
CUST_05687,small_business,NA,standard,2022-08-25
CUST_05688,individual,APAC,premium,2022-07-28
CUST_05689,government,EU,basic,2020-09-15
CUST_05690,individual,APAC,standard,2021-06-28
CUST_05691,enterprise,EU,premium,2022-12-25
CUST_05692,individual,EU,standard,2021-10-17
CUST_05693,small_business,EU,standard,2022-06-02
CUST_05694,enterprise,APAC,standard,2021-06-09
CUST_05695,individual,NA,premium,2022-11-04
CUST_05696,individual,EU,standard,2022-03-11
CUST_05697,government,NA,premium,2022-01-25
CUST_05698,small_business,APAC,standard,2021-07-11
CUST_05699,small_business,APAC,standard,2020-10-30
CUST_05700,individual,EU,premium,2022-08-16
CUST_05701,individual,NA,premium,2022-04-04
CUST_05702,individual,NA,standard,2022-07-13
CUST_05703,individual,LATAM,premium,2021-03-20
CUST_05704,enterprise,APAC,basic,2021-05-12
CUST_05705,individual,EU,basic,2020-07-25
CUST_05706,individual,APAC,standard,2022-01-05
CUST_05707,small_business,APAC,standard,2022-07-13
CUST_05708,enterprise,MEA,standard,2021-06-15
CUST_05709,individual,EU,basic,2022-07-01
CUST_05710,small_business,NA,enterprise,2020-10-12
CUST_05711,individual,LATAM,basic,2021-05-28
CUST_05712,small_business,EU,premium,2021-04-21
CUST_05713,small_business,EU,basic,2021-01-21
CUST_05714,individual,NA,standard,2022-04-08
CUST_05715,enterprise,LATAM,premium,2022-11-09
CUST_05716,government,EU,basic,2022-10-25
CUST_05717,small_business,NA,basic,2020-12-28
CUST_05718,individual,NA,premium,2022-10-07
CUST_05719,small_business,NA,premium,2021-06-29
CUST_05720,small_business,NA,basic,2021-09-14
CUST_05721,individual,LATAM,basic,2020-08-12
CUST_05722,individual,NA,enterprise,2021-07-09
CUST_05723,individual,EU,basic,2021-11-18
CUST_05724,individual,NA,premium,2021-10-30
CUST_05725,enterprise,NA,enterprise,2020-07-24
CUST_05726,individual,NA,premium,2021-01-01
CUST_05727,government,NA,standard,2022-05-13
CUST_05728,small_business,NA,standard,2021-10-03
CUST_05729,enterprise,APAC,premium,2021-02-11
CUST_05730,individual,MEA,premium,2020-10-18
CUST_05731,individual,NA,enterprise,2021-04-09
CUST_05732,individual,APAC,enterprise,2022-03-01
CUST_05733,individual,NA,basic,2022-01-09
CUST_05734,individual,APAC,basic,2020-11-26
CUST_05735,individual,NA,standard,2021-11-30
CUST_05736,small_business,EU,standard,2020-11-22
CUST_05737,individual,LATAM,basic,2022-04-19
CUST_05738,small_business,NA,enterprise,2020-09-15
CUST_05739,individual,EU,basic,2022-01-31
CUST_05740,enterprise,NA,standard,2022-12-12
CUST_05741,government,APAC,standard,2021-04-11
CUST_05742,small_business,NA,premium,2022-11-20
CUST_05743,enterprise,NA,basic,2022-02-20
CUST_05744,individual,NA,premium,2022-07-13
CUST_05745,individual,NA,premium,2020-10-08
CUST_05746,individual,APAC,standard,2021-09-29
CUST_05747,small_business,MEA,basic,2020-07-20
CUST_05748,individual,EU,premium,2021-12-10
CUST_05749,enterprise,NA,standard,2022-11-20
CUST_05750,individual,EU,basic,2021-10-14
CUST_05751,small_business,NA,premium,2022-12-29
CUST_05752,small_business,NA,premium,2021-04-01
CUST_05753,enterprise,EU,enterprise,2022-07-07
CUST_05754,individual,APAC,basic,2020-10-25
CUST_05755,small_business,NA,premium,2021-05-16
CUST_05756,enterprise,EU,basic,2021-02-12
CUST_05757,individual,NA,premium,2021-03-22
CUST_05758,individual,NA,basic,2021-08-02
CUST_05759,government,EU,basic,2021-09-20
CUST_05760,individual,APAC,basic,2020-11-22
CUST_05761,small_business,APAC,premium,2020-07-16
CUST_05762,individual,LATAM,premium,2022-08-20
CUST_05763,small_business,EU,basic,2021-06-14
CUST_05764,enterprise,LATAM,premium,2021-12-21
CUST_05765,small_business,LATAM,basic,2021-12-16
CUST_05766,enterprise,APAC,standard,2022-11-01
CUST_05767,individual,EU,premium,2021-05-21
CUST_05768,enterprise,NA,standard,2022-01-24
CUST_05769,individual,EU,premium,2021-06-05
CUST_05770,individual,NA,basic,2021-11-06
CUST_05771,enterprise,EU,standard,2022-11-25
CUST_05772,individual,NA,basic,2021-10-23
CUST_05773,small_business,NA,basic,2021-08-25
CUST_05774,small_business,APAC,basic,2021-11-13
CUST_05775,small_business,APAC,enterprise,2021-06-19
CUST_05776,government,NA,basic,2021-11-07
CUST_05777,enterprise,EU,standard,2022-03-20
CUST_05778,enterprise,EU,premium,2021-09-26
CUST_05779,small_business,EU,standard,2021-08-05
CUST_05780,enterprise,APAC,premium,2022-11-15
CUST_05781,individual,APAC,standard,2022-06-06
CUST_05782,individual,APAC,premium,2021-01-21
CUST_05783,small_business,APAC,premium,2021-11-18
CUST_05784,individual,APAC,premium,2021-03-20
CUST_05785,individual,NA,premium,2022-02-26
CUST_05786,small_business,NA,basic,2021-09-22
CUST_05787,individual,APAC,standard,2020-11-09
CUST_05788,small_business,NA,premium,2021-02-01
CUST_05789,small_business,NA,standard,2022-06-24
CUST_05790,enterprise,APAC,standard,2022-07-19
CUST_05791,small_business,MEA,premium,2022-12-17
CUST_05792,small_business,LATAM,standard,2022-07-04
CUST_05793,enterprise,EU,standard,2021-02-11
CUST_05794,government,APAC,enterprise,2021-08-17
CUST_05795,individual,NA,premium,2020-11-05
CUST_05796,individual,APAC,standard,2021-09-20
CUST_05797,small_business,LATAM,standard,2020-09-11
CUST_05798,enterprise,EU,basic,2021-05-10
CUST_05799,individual,NA,premium,2021-05-06
CUST_05800,small_business,MEA,basic,2022-10-04
CUST_05801,small_business,NA,standard,2021-01-28
CUST_05802,government,EU,basic,2022-03-18
CUST_05803,individual,EU,enterprise,2021-09-28
CUST_05804,individual,EU,basic,2021-04-10
CUST_05805,individual,EU,basic,2021-12-21
CUST_05806,individual,EU,basic,2022-03-29
CUST_05807,individual,LATAM,premium,2022-03-23
CUST_05808,small_business,NA,basic,2022-08-04
CUST_05809,enterprise,APAC,premium,2022-10-16
CUST_05810,small_business,EU,standard,2021-08-05
CUST_05811,enterprise,NA,standard,2021-03-16
CUST_05812,individual,NA,basic,2021-03-12
CUST_05813,small_business,LATAM,premium,2022-11-09
CUST_05814,individual,APAC,basic,2020-11-02
CUST_05815,small_business,APAC,basic,2020-08-14
CUST_05816,small_business,NA,basic,2021-09-29
CUST_05817,enterprise,NA,basic,2021-04-28
CUST_05818,government,EU,basic,2021-10-02
CUST_05819,enterprise,NA,standard,2021-06-28
CUST_05820,individual,APAC,premium,2020-08-05
CUST_05821,individual,NA,basic,2022-07-16
CUST_05822,small_business,EU,basic,2020-07-24
CUST_05823,enterprise,APAC,premium,2022-02-01
CUST_05824,enterprise,NA,premium,2021-09-20
CUST_05825,individual,EU,standard,2022-01-19
CUST_05826,government,NA,standard,2021-03-26
CUST_05827,individual,NA,standard,2021-10-25
CUST_05828,government,APAC,premium,2021-12-03
CUST_05829,enterprise,NA,standard,2021-11-26
CUST_05830,individual,EU,standard,2020-08-24
CUST_05831,individual,EU,standard,2021-03-22
CUST_05832,enterprise,NA,enterprise,2022-06-16
CUST_05833,small_business,LATAM,basic,2022-05-23
CUST_05834,individual,EU,standard,2022-06-27
CUST_05835,small_business,NA,standard,2020-09-12
CUST_05836,enterprise,LATAM,basic,2022-12-21
CUST_05837,small_business,NA,premium,2021-02-27
CUST_05838,individual,NA,premium,2022-05-26
CUST_05839,individual,NA,basic,2022-07-26
CUST_05840,government,EU,basic,2022-06-28
CUST_05841,small_business,NA,standard,2020-09-11
CUST_05842,enterprise,APAC,basic,2021-12-12
CUST_05843,small_business,EU,basic,2020-11-20
CUST_05844,individual,EU,basic,2020-11-09
CUST_05845,enterprise,NA,standard,2022-05-19
CUST_05846,small_business,EU,standard,2022-10-12
CUST_05847,small_business,APAC,premium,2020-10-26
CUST_05848,government,APAC,enterprise,2020-07-21
CUST_05849,individual,APAC,premium,2021-07-28
CUST_05850,small_business,NA,premium,2021-05-28
CUST_05851,small_business,EU,standard,2022-03-24
CUST_05852,government,EU,basic,2022-06-13
CUST_05853,government,NA,basic,2021-11-15
CUST_05854,enterprise,EU,standard,2021-07-09
CUST_05855,individual,EU,basic,2021-05-16
CUST_05856,individual,APAC,enterprise,2020-08-09
CUST_05857,enterprise,LATAM,basic,2022-11-11
CUST_05858,government,NA,standard,2022-06-27
CUST_05859,individual,EU,standard,2022-12-21
CUST_05860,individual,EU,enterprise,2021-05-29
CUST_05861,small_business,NA,premium,2021-12-11
CUST_05862,small_business,EU,premium,2021-04-26
CUST_05863,small_business,NA,enterprise,2021-04-24
CUST_05864,enterprise,APAC,basic,2022-02-07
CUST_05865,enterprise,APAC,premium,2021-11-18
CUST_05866,small_business,EU,standard,2021-04-16
CUST_05867,individual,LATAM,standard,2022-02-27
CUST_05868,individual,NA,basic,2021-07-15
CUST_05869,government,APAC,premium,2020-09-21
CUST_05870,individual,NA,standard,2020-11-29
CUST_05871,individual,APAC,basic,2022-08-25
CUST_05872,individual,NA,premium,2022-03-11
CUST_05873,individual,APAC,premium,2021-09-11
CUST_05874,enterprise,NA,standard,2020-11-28
CUST_05875,government,MEA,standard,2021-03-05
CUST_05876,small_business,LATAM,premium,2020-12-14
CUST_05877,government,NA,standard,2022-12-15
CUST_05878,individual,APAC,standard,2022-07-30
CUST_05879,enterprise,APAC,standard,2022-11-29
CUST_05880,small_business,EU,standard,2020-09-01
CUST_05881,small_business,NA,premium,2021-02-17
CUST_05882,government,NA,enterprise,2022-01-29
CUST_05883,small_business,APAC,basic,2021-07-19
CUST_05884,individual,NA,basic,2021-05-28
CUST_05885,government,MEA,standard,2020-10-04
CUST_05886,individual,LATAM,standard,2021-04-06
CUST_05887,individual,LATAM,standard,2020-09-06
CUST_05888,enterprise,LATAM,enterprise,2022-11-28
CUST_05889,small_business,LATAM,standard,2022-08-20
CUST_05890,enterprise,NA,premium,2022-04-25
CUST_05891,small_business,NA,standard,2021-11-09
CUST_05892,individual,EU,standard,2021-08-28
CUST_05893,individual,APAC,enterprise,2021-03-15
CUST_05894,government,NA,premium,2022-02-18
CUST_05895,individual,LATAM,standard,2022-08-31
CUST_05896,small_business,NA,enterprise,2021-02-28
CUST_05897,individual,APAC,standard,2021-11-13
CUST_05898,individual,NA,standard,2022-06-14
CUST_05899,small_business,NA,enterprise,2022-01-08
CUST_05900,individual,EU,premium,2020-11-12
CUST_05901,small_business,MEA,basic,2022-01-25
CUST_05902,enterprise,APAC,standard,2020-12-23
CUST_05903,individual,NA,standard,2022-05-31
CUST_05904,small_business,NA,premium,2020-09-24
CUST_05905,individual,MEA,basic,2021-09-29
CUST_05906,individual,EU,premium,2021-08-14
CUST_05907,individual,EU,enterprise,2021-11-02
CUST_05908,enterprise,APAC,standard,2022-10-26
CUST_05909,enterprise,LATAM,premium,2021-09-07
CUST_05910,individual,NA,premium,2022-10-20
CUST_05911,enterprise,EU,enterprise,2021-01-27
CUST_05912,small_business,APAC,standard,2021-08-25
CUST_05913,small_business,MEA,basic,2021-06-29
CUST_05914,small_business,NA,standard,2022-06-18
CUST_05915,government,NA,premium,2021-06-09
CUST_05916,enterprise,EU,standard,2021-06-23
CUST_05917,small_business,APAC,premium,2022-02-07
CUST_05918,enterprise,EU,basic,2020-10-04
CUST_05919,small_business,APAC,basic,2021-02-18
CUST_05920,individual,EU,standard,2020-09-13
CUST_05921,small_business,NA,basic,2022-04-25
CUST_05922,enterprise,APAC,premium,2022-02-09
CUST_05923,enterprise,NA,basic,2022-12-14
CUST_05924,government,NA,enterprise,2021-01-03
CUST_05925,small_business,NA,premium,2022-12-08
CUST_05926,small_business,EU,standard,2022-07-21
CUST_05927,enterprise,APAC,basic,2021-07-24
CUST_05928,individual,APAC,standard,2021-01-31
CUST_05929,government,EU,premium,2022-12-11
CUST_05930,small_business,EU,basic,2021-11-26
CUST_05931,individual,EU,standard,2021-12-06
CUST_05932,individual,EU,standard,2020-07-28
CUST_05933,individual,NA,premium,2022-08-19
CUST_05934,individual,LATAM,standard,2021-09-09
CUST_05935,individual,LATAM,standard,2021-07-31
CUST_05936,enterprise,APAC,premium,2021-08-20
CUST_05937,individual,APAC,standard,2021-08-25
CUST_05938,government,NA,basic,2021-02-05
CUST_05939,small_business,EU,standard,2021-06-27
CUST_05940,enterprise,APAC,standard,2022-03-19
CUST_05941,enterprise,NA,basic,2020-08-08
CUST_05942,enterprise,APAC,standard,2022-09-25
CUST_05943,individual,NA,standard,2022-11-14
CUST_05944,individual,APAC,basic,2021-02-27
CUST_05945,individual,EU,standard,2022-03-05
CUST_05946,government,APAC,premium,2022-07-23
CUST_05947,individual,NA,standard,2021-09-07
CUST_05948,small_business,EU,enterprise,2021-12-25
CUST_05949,small_business,NA,premium,2020-10-15
CUST_05950,individual,EU,premium,2020-11-01
CUST_05951,individual,APAC,basic,2021-10-04
CUST_05952,enterprise,NA,premium,2020-09-11
CUST_05953,small_business,NA,basic,2022-03-29
CUST_05954,individual,APAC,premium,2021-11-10
CUST_05955,individual,EU,basic,2021-01-12
CUST_05956,enterprise,EU,basic,2022-05-09
CUST_05957,government,NA,standard,2020-12-05
CUST_05958,small_business,NA,standard,2020-09-21
CUST_05959,small_business,EU,basic,2021-11-30
CUST_05960,small_business,NA,enterprise,2022-11-09
CUST_05961,individual,NA,standard,2021-10-14
CUST_05962,enterprise,EU,basic,2021-07-07
CUST_05963,enterprise,NA,standard,2022-04-04
CUST_05964,enterprise,EU,standard,2022-12-21
CUST_05965,enterprise,EU,standard,2022-07-17
CUST_05966,individual,APAC,standard,2022-08-08
CUST_05967,individual,NA,basic,2022-07-24
CUST_05968,small_business,APAC,standard,2021-12-18
CUST_05969,small_business,APAC,standard,2020-08-06
CUST_05970,individual,APAC,basic,2021-11-26
CUST_05971,individual,EU,standard,2022-11-18
CUST_05972,individual,MEA,standard,2020-09-19
CUST_05973,government,LATAM,premium,2022-04-13
CUST_05974,enterprise,MEA,standard,2022-08-14
CUST_05975,individual,NA,standard,2021-04-22
CUST_05976,individual,NA,standard,2021-07-24
CUST_05977,individual,EU,standard,2022-08-31
CUST_05978,small_business,EU,standard,2022-01-08
CUST_05979,small_business,NA,premium,2022-03-18
CUST_05980,enterprise,EU,standard,2020-07-28
CUST_05981,individual,APAC,standard,2022-08-28
CUST_05982,small_business,EU,standard,2021-11-10
CUST_05983,individual,NA,premium,2022-09-18
CUST_05984,enterprise,APAC,standard,2021-10-25
CUST_05985,individual,NA,standard,2021-03-17
CUST_05986,individual,EU,enterprise,2022-12-16
CUST_05987,individual,EU,enterprise,2021-12-23
CUST_05988,small_business,NA,standard,2022-06-12
CUST_05989,small_business,NA,basic,2020-12-19
CUST_05990,small_business,NA,standard,2022-09-27
CUST_05991,individual,NA,standard,2021-05-26
CUST_05992,individual,NA,basic,2022-10-17
CUST_05993,individual,EU,standard,2021-05-31
CUST_05994,individual,APAC,enterprise,2020-12-13
CUST_05995,small_business,NA,premium,2022-02-08
CUST_05996,small_business,MEA,standard,2022-11-07
CUST_05997,individual,EU,standard,2020-12-10
CUST_05998,individual,APAC,standard,2021-05-22
CUST_05999,small_business,EU,premium,2022-02-28
CUST_06000,enterprise,EU,basic,2022-01-28
